start_time_uk,temperature,date,snow,ground_pressure,humidity,wind_speed,site_name,rain,pressure,wind_deg,clouds
10:00:00,12.13,2020-06-30,0.0,989.556,89.1,5.175,rheidol,0.125,1005.846,225.164,100.0
10:00:00,12.55,2020-07-01,0.0,986.473,96.9,4.44,rheidol,0.25,1003.263,241.316,100.0
10:00:00,13.66,2020-07-02,0.0,992.977,90.9,2.152,rheidol,0.312,1009.487,250.513,88.0
10:00:00,12.74,2020-07-03,0.0,996.285,93.4,8.794,rheidol,1.4380000000000002,1012.374,217.232,100.0
10:00:00,14.15,2020-07-04,0.0,992.069,97.9,9.004,rheidol,0.125,1007.987,236.712,100.0
10:00:00,12.15,2020-07-05,0.0,993.169,75.6,10.379,rheidol,0.125,1009.604,256.079,100.0
10:00:00,11.75,2020-07-06,0.0,1003.143,87.6,8.82,rheidol,0.438,1019.845,306.387,91.0
10:00:00,12.11,2020-07-07,0.0,1002.845,84.6,4.767,rheidol,0.062,1019.594,231.08900000000003,99.0
10:00:00,13.86,2020-07-08,0.0,997.049,96.7,1.601,rheidol,0.375,1014.014,235.149,100.0
10:00:00,13.96,2020-07-09,0.0,994.228,95.3,1.943,rheidol,0.0,1011.26,252.759,100.0
10:00:00,12.27,2020-07-10,0.0,1002.594,81.6,8.455,rheidol,0.188,1019.396,319.48,9.0
10:00:00,13.33,2020-07-11,0.0,1010.347,80.1,3.21,rheidol,0.0,1027.417,308.155,10.0
10:00:00,14.0,2020-07-12,0.0,1011.285,70.6,2.19,rheidol,0.0,1028.391,220.295,100.0
10:00:00,14.52,2020-07-13,0.0,1006.1,94.1,5.066,rheidol,0.438,1022.616,216.766,99.0
10:00:00,13.31,2020-07-14,0.0,1002.595,80.7,4.779,rheidol,0.062,1019.374,317.9770000000001,100.0
10:00:00,12.43,2020-07-15,0.0,1000.247,94.3,3.715,rheidol,0.125,1016.957,294.302,100.0
10:00:00,15.15,2020-07-16,0.0,1004.368,89.0,5.117,rheidol,0.188,1021.168,316.322,88.0
10:00:00,15.02,2020-07-17,0.0,1003.688,92.8,4.171,rheidol,0.062,1020.28,229.239,98.0
10:00:00,14.75,2020-07-18,0.0,1000.02,95.7,7.298999999999999,rheidol,1.375,1016.642,220.639,100.0
10:00:00,13.65,2020-07-19,0.0,1003.069,73.3,2.3480000000000003,rheidol,0.0,1020.286,346.124,0.0
10:00:00,12.73,2020-07-20,0.0,1008.087,74.4,3.758,rheidol,0.0,1025.1760000000004,323.124,0.0
10:00:00,13.73,2020-07-21,0.0,1010.074,78.6,2.323,rheidol,0.0,1027.219,239.362,20.0
10:00:00,14.65,2020-07-22,0.0,1006.954,76.4,3.174,rheidol,0.0,1023.456,219.438,100.0
10:00:00,14.8,2020-07-23,0.0,998.301,88.5,6.249,rheidol,0.062,1014.295,220.613,100.0
10:00:00,15.75,2020-07-24,0.0,995.242,90.4,2.555,rheidol,0.125,1012.066,253.913,72.0
10:00:00,16.2,2020-07-25,0.0,987.874,94.3,6.483,rheidol,1.625,1003.76,237.921,82.0
10:00:00,14.53,2020-07-26,0.0,991.063,89.2,6.996,rheidol,1.25,1007.54,247.122,94.0
10:00:00,15.74,2020-07-27,0.0,982.223,94.9,10.057,rheidol,4.688,998.175,183.472,100.0
10:00:00,12.45,2020-07-28,0.0,997.306,80.2,8.383,rheidol,0.438,1013.884,293.562,70.0
10:00:00,13.24,2020-07-29,0.0,1003.184,80.1,2.886,rheidol,0.062,1019.971,268.67,100.0
10:00:00,16.95,2020-07-30,0.0,1000.253,73.1,3.229,rheidol,0.0,1017.051,194.29,48.0
10:00:00,22.65,2020-07-31,0.0,992.141,66.6,2.423,rheidol,0.0,1008.7,159.411,0.0
10:00:00,15.15,2020-08-01,0.0,996.625,95.9,3.955,rheidol,0.5,1013.594,259.687,91.0
10:00:00,13.56,2020-08-02,0.0,1000.331,88.1,3.504,rheidol,0.438,1016.986,268.953,82.0
10:00:00,13.97,2020-08-03,0.0,1001.231,75.9,3.217,rheidol,0.125,1018.024,313.904,0.0
10:00:00,14.15,2020-08-04,0.0,998.885,83.7,6.542999999999998,rheidol,0.0,1015.306,212.15,99.0
10:00:00,16.91,2020-08-05,0.0,992.626,91.3,7.0,rheidol,0.062,1008.601,195.895,100.0
10:00:00,18.16,2020-08-06,0.0,998.381,82.1,2.362,rheidol,0.0,1015.36,153.41299999999995,49.0
10:00:00,19.08,2020-08-07,0.0,1001.308,89.9,3.023,rheidol,0.062,1017.738,208.6,80.0
10:00:00,18.25,2020-08-08,0.0,1005.173,86.1,2.678,rheidol,0.0,1022.2,78.627,30.0
10:00:00,16.81,2020-08-09,0.0,1002.688,86.7,2.988,rheidol,0.0,1019.538,76.945,91.0
10:00:00,17.65,2020-08-10,0.0,998.819,93.4,2.505,rheidol,3.438,1015.635,80.79,100.0
10:00:00,20.64,2020-08-11,0.0,997.769,88.3,1.727,rheidol,0.0,1014.795,91.062,100.0
10:00:00,21.55,2020-08-12,0.0,996.547,85.6,0.672,rheidol,0.0,1013.542,321.886,7.0
10:00:00,21.54,2020-08-13,0.0,996.499,80.5,1.747,rheidol,0.25,1013.503,88.36,84.0
10:00:00,18.21,2020-08-14,0.0,997.266,86.6,2.366,rheidol,0.0,1014.213,87.554,100.0
10:00:00,16.95,2020-08-15,0.0,998.9,82.3,2.964,rheidol,0.0,1015.914,85.976,100.0
10:00:00,15.55,2020-08-16,0.0,994.861,93.2,3.249,rheidol,0.5,1011.711,70.36,100.0
10:00:00,17.47,2020-08-17,0.0,990.277,82.4,0.907,rheidol,0.312,1006.799,191.322,99.0
10:00:00,17.49,2020-08-18,0.0,989.05,85.6,4.87,rheidol,0.375,1005.433,209.149,58.0
10:00:00,15.8,2020-08-19,0.0,982.773,93.7,7.176,rheidol,3.0,999.708,104.336,100.0
10:00:00,16.85,2020-08-20,0.0,981.764,78.8,9.765,rheidol,0.0,998.007,183.258,0.0
10:00:00,15.59,2020-08-21,0.0,976.719,90.5,11.725,rheidol,3.375,992.636,210.806,100.0
10:00:00,14.35,2020-08-22,0.0,990.026,89.7,10.675,rheidol,2.812,1006.621,230.572,91.0
10:00:00,14.14,2020-08-23,0.0,999.436,95.6,7.3,rheidol,1.3119999999999998,1016.159,269.443,97.0
10:00:00,13.35,2020-08-24,0.0,997.467,89.7,0.956,rheidol,0.0,1014.214,194.966,99.0
10:00:00,15.24,2020-08-25,0.0,974.06,90.5,12.59,rheidol,2.312,989.338,195.446,100.0
10:00:00,14.2,2020-08-26,0.0,995.78,87.7,6.49,rheidol,0.125,1012.233,283.327,89.0
10:00:00,14.67,2020-08-27,0.0,995.944,82.2,3.225,rheidol,0.125,1012.369,188.273,92.0
10:00:00,14.2,2020-08-28,0.0,983.812,81.9,2.591,rheidol,0.0,1000.869,4.272,78.0
10:00:00,12.67,2020-08-29,0.0,995.938,72.8,4.959,rheidol,0.0,1013.075,354.446,0.0
10:00:00,12.15,2020-08-30,0.0,1003.141,68.3,2.713,rheidol,0.0,1020.444,11.91,0.0
10:00:00,12.45,2020-08-31,0.0,1004.687,75.1,2.259,rheidol,0.0,1021.716,191.489,0.0
10:00:00,13.7,2020-09-01,0.0,1003.535,71.0,1.3159999999999998,rheidol,0.0,1020.641,200.791,77.0
10:00:00,13.05,2020-09-02,0.0,1000.326,88.4,3.1010000000000004,rheidol,0.062,1017.134,166.421,94.0
10:00:00,14.66,2020-09-03,0.0,996.94,88.9,4.484,rheidol,0.125,1013.392,266.177,100.0
10:00:00,12.66,2020-09-04,0.0,1003.12,80.9,6.5120000000000005,rheidol,0.25,1020.199,258.916,100.0
10:00:00,12.22,2020-09-05,0.0,1005.478,83.2,7.287000000000001,rheidol,0.375,1022.614,292.035,33.0
10:00:00,13.16,2020-09-06,0.0,1002.586,93.0,2.394,rheidol,0.5,1019.523,268.731,100.0
10:00:00,13.66,2020-09-07,0.0,1006.219,90.8,4.572,rheidol,0.0,1022.843,227.376,98.0
10:00:00,15.81,2020-09-08,0.0,1007.753,98.6,4.789,rheidol,0.125,1024.567,238.092,100.0
10:00:00,14.31,2020-09-09,0.0,1006.288,92.5,4.4510000000000005,rheidol,0.562,1023.286,325.453,100.0
10:00:00,12.88,2020-09-10,0.0,1007.673,76.8,1.237,rheidol,0.0,1025.127,208.636,98.0
10:00:00,13.15,2020-09-11,0.0,998.315,85.9,8.078,rheidol,0.188,1015.038,231.686,100.0
10:00:00,13.15,2020-09-12,0.0,1000.944,85.7,6.207999999999998,rheidol,0.25,1017.839,268.745,95.0
10:00:00,15.45,2020-09-13,0.0,1004.368,91.6,6.1629999999999985,rheidol,0.0,1020.868,212.3,96.0
10:00:00,18.25,2020-09-14,0.0,1003.832,78.5,2.091,rheidol,0.0,1020.974,98.859,13.0
10:00:00,18.62,2020-09-15,0.0,1001.877,72.0,1.175,rheidol,0.0,1018.349,150.993,100.0
10:00:00,18.56,2020-09-16,0.0,1006.634,83.1,1.084,rheidol,0.0,1023.978,83.32700000000001,0.0
10:00:00,13.77,2020-09-17,0.0,1012.106,81.9,3.86,rheidol,0.0,1030.116,80.77199999999998,0.0
10:00:00,11.83,2020-09-18,0.0,1008.634,82.1,4.89,rheidol,0.0,1026.444,68.719,52.0
10:00:00,12.7,2020-09-19,0.0,1002.096,83.5,6.06,rheidol,0.0,1019.745,67.663,100.0
10:00:00,12.95,2020-09-20,0.0,1002.823,83.9,5.746,rheidol,0.0,1020.733,71.691,56.0
10:00:00,15.42,2020-09-21,0.0,1001.128,84.5,1.845,rheidol,0.0,1018.507,189.738,0.0
10:00:00,14.57,2020-09-22,0.0,992.441,92.7,3.555,rheidol,0.0,1008.401,198.211,57.0
10:00:00,10.74,2020-09-23,0.0,986.358,76.1,3.78,rheidol,0.0,1003.58,333.23800000000006,56.0
10:00:00,9.96,2020-09-24,0.0,974.231,81.1,7.039,rheidol,1.4380000000000002,990.397,203.626,81.0
10:00:00,9.52,2020-09-25,0.0,992.836,73.0,8.559,rheidol,0.0,1009.9,342.814,0.0
10:00:00,9.03,2020-09-26,0.0,998.981,73.3,6.539,rheidol,0.0,1016.616,352.451,0.0
10:00:00,9.25,2020-09-27,0.0,1000.021,79.9,2.13,rheidol,0.0,1017.551,16.274,0.0
10:00:00,11.85,2020-09-28,0.0,996.022,92.4,2.632,rheidol,0.0,1012.325,177.91,100.0
10:00:00,11.55,2020-09-29,0.0,999.484,83.8,1.172,rheidol,0.0,1016.588,160.715,35.0
10:00:00,10.89,2020-09-30,0.0,985.075,93.2,5.516,rheidol,2.688,1001.743,153.082,100.0
10:00:00,9.95,2020-10-01,0.0,981.382,74.4,4.136,rheidol,0.375,998.568,258.535,15.0
10:00:00,9.79,2020-10-02,0.0,976.34,79.6,7.425,rheidol,0.0,994.055,52.976000000000006,69.0
10:00:00,10.78,2020-10-03,0.0,976.585,96.0,4.044,rheidol,0.875,993.205,349.4430000000001,100.0
10:00:00,11.68,2020-10-04,0.0,961.149,96.4,5.7860000000000005,rheidol,7.875,979.469,340.516,100.0
10:00:00,11.95,2020-10-05,0.0,977.55,97.1,5.4860000000000015,rheidol,1.625,994.165,281.695,100.0
10:00:00,11.29,2020-10-06,0.0,977.749,85.6,10.074,rheidol,2.125,994.155,261.04,96.0
10:00:00,10.77,2020-10-07,0.0,995.91,82.2,6.246,rheidol,0.25,1012.943,276.851,100.0
10:00:00,11.93,2020-10-08,0.0,991.453,88.3,7.563,rheidol,0.062,1007.978,311.478,84.0
10:00:00,10.32,2020-10-09,0.0,1000.232,83.3,7.39,rheidol,1.125,1017.254,291.27,98.0
10:00:00,9.75,2020-10-10,0.0,1006.49,85.7,9.291,rheidol,0.438,1023.526,297.3040000000001,98.0
10:00:00,10.65,2020-10-11,0.0,1010.023,81.9,4.835,rheidol,0.0,1027.569,336.5,23.0
10:00:00,8.76,2020-10-12,0.0,1001.069,94.3,4.496,rheidol,1.125,1018.007,182.371,100.0
10:00:00,8.51,2020-10-13,0.0,994.616,81.7,2.419,rheidol,0.312,1011.874,359.408,100.0
10:00:00,9.5,2020-10-14,0.0,1005.947,86.9,5.7810000000000015,rheidol,0.0,1023.604,68.464,31.0
10:00:00,7.66,2020-10-15,0.0,1010.05,82.7,3.34,rheidol,0.0,1027.75,65.292,81.0
10:00:00,7.63,2020-10-16,0.0,1008.295,80.2,3.488,rheidol,0.0,1025.772,79.293,0.0
10:00:00,8.16,2020-10-17,0.0,1005.856,85.6,4.003,rheidol,0.0,1023.316,76.682,43.0
10:00:00,9.39,2020-10-18,0.0,1007.181,74.1,1.56,rheidol,0.0,1024.885,119.786,69.0
10:00:00,9.56,2020-10-19,0.0,996.547,86.4,3.796,rheidol,0.0,1013.864,142.578,100.0
10:00:00,13.31,2020-10-20,0.0,977.668,89.0,4.805,rheidol,0.0,994.199,160.562,7.0
10:00:00,11.75,2020-10-21,0.0,977.346,96.2,4.895,rheidol,1.5619999999999998,994.623,187.276,100.0
10:00:00,9.16,2020-10-22,0.0,989.818,85.0,4.796,rheidol,0.375,1007.025,247.274,100.0
10:00:00,8.84,2020-10-23,0.0,987.644,91.3,6.386,rheidol,0.75,1004.39,202.578,100.0
10:00:00,12.53,2020-10-24,0.0,977.746,92.5,10.823,rheidol,1.5619999999999998,994.829,219.353,100.0
10:00:00,8.84,2020-10-25,0.0,974.886,83.9,6.424,rheidol,1.5,991.546,201.86900000000003,78.0
10:00:00,9.66,2020-10-26,0.0,977.702,80.8,10.282,rheidol,2.312,993.891,285.27,89.0
10:00:00,9.59,2020-10-27,0.0,974.184,94.1,3.544,rheidol,1.25,990.722,141.565,100.0
10:00:00,8.64,2020-10-28,0.0,981.265,78.0,9.373,rheidol,1.6880000000000002,998.242,237.31,100.0
10:00:00,9.58,2020-10-29,0.0,991.166,96.7,5.894,rheidol,2.25,1008.136,186.391,100.0
10:00:00,13.21,2020-10-30,0.0,994.319,96.0,7.541,rheidol,1.188,1011.13,212.177,100.0
10:00:00,13.85,2020-10-31,0.0,978.41,93.0,6.96,rheidol,2.188,994.772,154.731,99.0
10:00:00,11.96,2020-11-01,0.0,981.993,86.7,10.712,rheidol,0.688,997.724,240.958,92.0
10:00:00,9.85,2020-11-02,0.0,981.532,76.9,10.252,rheidol,0.5,998.147,245.925,100.0
10:00:00,6.94,2020-11-03,0.0,998.305,78.0,8.793,rheidol,0.375,1015.48,292.14,78.0
10:00:00,6.21,2020-11-04,0.0,1015.974,85.0,1.176,rheidol,0.0,1033.623,93.607,3.0
10:00:00,6.18,2020-11-05,0.0,1021.615,89.7,1.396,rheidol,0.0,1039.387,141.25,9.0
10:00:00,5.0,2020-11-06,0.0,1012.672,83.2,2.963,rheidol,0.0,1030.925,89.652,35.0
10:00:00,7.41,2020-11-07,0.0,1000.228,85.7,4.371,rheidol,0.0,1018.947,88.256,43.0
10:00:00,10.64,2020-11-08,0.0,998.699,94.1,2.843,rheidol,1.4380000000000002,1016.012,114.834,100.0
10:00:00,10.99,2020-11-09,0.0,998.124,90.9,4.598,rheidol,0.25,1015.505,92.53,69.0
10:00:00,11.09,2020-11-10,0.0,1002.272,90.0,2.173,rheidol,0.0,1019.578,136.49200000000002,94.0
10:00:00,10.27,2020-11-11,0.0,996.814,89.6,4.917,rheidol,0.0,1014.028,150.317,100.0
10:00:00,9.15,2020-11-12,0.0,994.561,82.1,7.789,rheidol,0.188,1011.902,240.216,90.0
10:00:00,8.74,2020-11-13,0.0,990.343,79.0,7.672999999999999,rheidol,0.312,1007.698,232.312,29.0
10:00:00,9.34,2020-11-14,0.0,983.969,93.3,3.914,rheidol,0.375,1001.185,119.191,100.0
10:00:00,7.8,2020-11-15,0.0,970.994,77.4,11.575,rheidol,3.625,987.344,214.885,100.0
10:00:00,8.71,2020-11-16,0.0,994.079,74.5,9.184,rheidol,0.062,1011.265,271.223,100.0
10:00:00,11.88,2020-11-17,0.0,998.468,94.6,6.987,rheidol,0.188,1015.174,202.458,100.0
10:00:00,12.56,2020-11-18,0.0,990.173,90.6,9.336,rheidol,1.4380000000000002,1006.646,180.233,100.0
10:00:00,7.5,2020-11-19,0.0,1009.419,78.9,7.4289999999999985,rheidol,0.562,1026.881,333.456,89.0
10:00:00,8.09,2020-11-20,0.0,1012.843,95.9,6.357,rheidol,3.5,1029.914,200.268,100.0
10:00:00,9.78,2020-11-21,0.0,1006.563,90.2,8.929,rheidol,0.125,1023.654,226.479,74.0
10:00:00,6.97,2020-11-22,0.0,1009.423,77.0,4.06,rheidol,0.0,1027.14,279.885,71.0
10:00:00,5.02,2020-11-23,0.0,1006.84,85.4,2.572,rheidol,0.0,1024.374,165.153,95.0
10:00:00,9.95,2020-11-24,0.0,995.862,89.5,5.393,rheidol,0.438,1012.657,174.509,99.0
10:00:00,5.48,2020-11-25,0.0,966.0,94.0,2.67,rheidol,0.25,1009.0,319.0,99.0
10:00:00,3.02,2020-11-26,0.0,977.0,97.0,0.85,rheidol,0.0,1021.0,174.0,40.0
10:00:00,1.34,2020-11-27,0.0,974.0,95.0,1.69,rheidol,0.0,1020.0,93.0,100.0
10:00:00,3.33,2020-11-27,0.0,1016.0,90.0,2.84,bluegates,0.0,1019.0,29.0,0.0
10:00:00,6.91,2020-11-27,0.0,1012.0,87.0,6.33,isle_of_wight,0.0,1019.0,62.0,99.0
10:00:00,3.27,2020-11-27,0.0,1017.0,91.0,0.66,morton,0.0,1021.0,341.0,34.0
10:00:00,5.57,2020-11-27,0.0,1011.0,88.0,0.95,trysglwyn,0.0,1018.0,164.0,37.0
10:00:00,6.07,2020-11-28,0.0,1008.0,85.0,6.11,trysglwyn,0.0,1015.0,101.0,29.0
10:00:00,4.72,2020-11-28,0.0,971.0,96.0,5.46,rheidol,0.0,1014.0,94.0,66.0
10:00:00,4.17,2020-11-28,0.0,1015.0,97.0,2.39,morton,0.0,1019.0,47.0,93.0
10:00:00,10.76,2020-11-28,0.0,1009.0,91.0,5.36,isle_of_wight,0.0,1015.0,126.0,86.0
10:00:00,9.01,2020-11-28,0.0,1015.0,87.0,4.64,bluegates,0.0,1019.0,118.0,49.0
10:00:00,8.03,2020-11-29,0.0,1017.0,91.0,1.15,trysglwyn,0.0,1025.0,183.0,47.0
10:00:00,6.31,2020-11-29,0.0,981.0,96.0,1.69,rheidol,0.0,1025.0,104.0,81.0
10:00:00,7.08,2020-11-29,0.0,1022.0,97.0,0.35,morton,0.0,1026.0,168.0,77.0
10:00:00,7.61,2020-11-29,0.0,1018.0,91.0,4.67,isle_of_wight,0.0,1024.0,57.0,49.0
10:00:00,7.97,2020-11-29,0.0,1022.0,87.0,3.28,bluegates,0.0,1025.0,59.0,0.0
10:00:00,9.82,2020-11-30,0.0,1015.0,86.0,8.81,trysglwyn,1.3,1024.0,253.0,100.0
10:00:00,8.0,2020-11-30,0.0,981.0,99.0,5.01,rheidol,0.16,1024.0,258.0,98.0
10:00:00,8.35,2020-11-30,0.0,1019.0,93.0,5.02,morton,0.31,1023.0,237.0,86.0
10:00:00,7.1,2020-11-30,0.0,1021.0,87.0,4.0,isle_of_wight,0.0,1026.0,281.0,23.0
10:00:00,6.43,2020-11-30,0.0,1021.0,95.0,4.93,bluegates,0.0,1025.0,267.0,36.0
10:00:00,5.37,2020-12-01,0.0,1020.0,82.0,3.54,trysglwyn,0.0,1028.0,336.0,79.0
10:00:00,3.7,2020-12-01,0.0,1022.0,81.0,4.91,morton,0.0,1026.0,326.0,37.0
10:00:00,4.77,2020-12-01,0.0,1020.0,88.0,8.46,bluegates,0.0,1022.0,328.0,6.0
10:00:00,2.54,2020-12-01,0.0,983.0,94.0,1.1,rheidol,0.0,1027.0,338.0,89.0
10:00:00,5.35,2020-12-01,0.0,1020.0,80.0,5.93,isle_of_wight,0.0,1026.0,347.0,99.0
10:00:00,3.81,2020-12-02,0.0,1016.0,88.0,3.31,bluegates,0.0,1020.0,321.0,6.0
10:00:00,4.55,2020-12-02,0.0,1014.0,77.0,2.23,isle_of_wight,0.0,1021.0,320.0,100.0
10:00:00,5.65,2020-12-02,0.0,1015.0,88.0,4.01,morton,0.0,1019.0,230.0,100.0
10:00:00,5.01,2020-12-02,0.0,975.0,100.0,2.03,rheidol,0.0,1020.0,194.0,84.0
10:00:00,9.28,2020-12-02,0.0,1011.0,88.0,8.83,trysglwyn,0.82,1019.0,293.0,100.0
10:00:00,3.38,2020-12-03,0.0,945.0,99.0,2.35,rheidol,2.56,991.0,169.0,100.0
10:00:00,4.74,2020-12-03,0.0,987.0,89.0,4.46,morton,0.81,993.0,172.0,100.0
10:00:00,7.87,2020-12-03,0.0,987.0,90.0,9.7,isle_of_wight,3.97,997.0,224.0,100.0
10:00:00,6.16,2020-12-03,0.0,980.0,82.0,3.8,trysglwyn,1.36,991.0,229.0,100.0
10:00:00,5.66,2020-12-03,0.0,992.0,87.0,6.51,bluegates,0.16,997.0,192.0,100.0
10:00:00,2.91,2020-12-04,0.0,935.0,86.0,8.95,rheidol,0.0,978.0,319.0,95.0
10:00:00,2.86,2020-12-04,0.0,967.0,94.0,7.88,morton,0.75,972.0,322.0,95.0
10:00:00,4.16,2020-12-04,0.0,971.0,90.0,8.62,isle_of_wight,0.66,976.0,285.0,100.0
10:00:00,5.54,2020-12-04,0.0,969.0,69.0,10.23,trysglwyn,0.0,978.0,334.0,99.0
10:00:00,2.54,2020-12-04,0.0,968.0,96.0,10.28,bluegates,4.84,972.0,239.0,87.0
10:00:00,5.1,2020-12-05,0.0,987.0,82.0,6.46,bluegates,0.0,991.0,139.0,32.0
10:00:00,6.62,2020-12-05,0.0,978.0,81.0,12.39,isle_of_wight,1.34,984.0,142.0,100.0
10:00:00,4.05,2020-12-05,0.0,988.0,88.0,4.32,morton,0.0,992.0,95.0,97.0
10:00:00,1.83,2020-12-05,0.0,944.0,95.0,7.04,rheidol,0.59,988.0,99.0,100.0
10:00:00,5.38,2020-12-05,0.0,984.0,85.0,9.9,trysglwyn,0.48,990.0,61.0,96.0
10:00:00,3.23,2020-12-06,0.0,995.0,89.0,3.62,trysglwyn,0.0,1003.0,357.0,41.0
10:00:00,0.7,2020-12-06,0.0,959.0,96.0,1.1,rheidol,0.0,1002.0,47.0,23.0
10:00:00,5.76,2020-12-06,0.0,998.0,83.0,3.37,bluegates,0.71,1001.0,56.0,100.0
10:00:00,4.13,2020-12-06,0.0,995.0,82.0,6.61,isle_of_wight,0.0,1001.0,16.0,63.0
10:00:00,4.38,2020-12-06,0.0,998.0,95.0,0.72,morton,2.2,1002.0,334.0,100.0
10:00:00,2.89,2020-12-07,0.0,994.0,86.0,4.49,bluegates,0.0,997.0,309.0,100.0
10:00:00,2.93,2020-12-07,0.0,992.0,87.0,2.8,isle_of_wight,0.0,999.0,33.0,1.0
10:00:00,1.01,2020-12-07,0.0,994.0,94.0,2.61,morton,0.0,998.0,328.0,100.0
10:00:00,0.1,2020-12-07,0.0,955.0,98.0,1.18,rheidol,0.0,999.0,67.0,15.0
10:00:00,4.82,2020-12-07,0.0,991.0,82.0,2.21,trysglwyn,0.0,1000.0,32.0,48.0
10:00:00,6.73,2020-12-08,0.0,992.0,84.0,8.83,trysglwyn,0.82,999.0,289.0,99.0
10:00:00,2.52,2020-12-08,0.0,958.0,97.0,4.19,rheidol,0.57,1000.0,296.0,95.0
10:00:00,1.78,2020-12-08,0.0,996.0,92.0,4.08,morton,0.0,999.0,205.0,100.0
10:00:00,1.52,2020-12-08,0.0,997.0,92.0,2.59,isle_of_wight,0.0,1002.0,313.0,53.0
10:00:00,1.45,2020-12-08,0.0,999.0,94.0,1.32,bluegates,0.0,1001.0,316.0,58.0
10:00:00,6.73,2020-12-09,0.0,998.0,72.0,4.36,trysglwyn,0.11,1006.0,257.0,74.0
10:00:00,3.71,2020-12-09,0.0,963.0,88.0,3.1,rheidol,0.1,1007.0,262.0,91.0
10:00:00,5.34,2020-12-09,0.0,1001.0,94.0,3.73,morton,0.17,1005.0,276.0,96.0
10:00:00,4.93,2020-12-09,0.0,1002.0,86.0,5.55,isle_of_wight,0.0,1008.0,298.0,46.0
10:00:00,4.98,2020-12-09,0.0,1002.0,96.0,5.85,bluegates,1.59,1005.0,263.0,100.0
10:00:00,7.36,2020-12-10,0.0,989.0,85.0,4.03,trysglwyn,0.0,996.0,126.0,95.0
10:00:00,5.74,2020-12-10,0.0,954.0,95.0,6.07,rheidol,0.0,996.0,107.0,66.0
10:00:00,3.24,2020-12-10,0.0,997.0,94.0,3.19,morton,0.0,1001.0,141.0,22.0
10:00:00,7.88,2020-12-10,0.0,993.0,92.0,8.52,isle_of_wight,0.36,1000.0,146.0,100.0
10:00:00,5.77,2020-12-10,0.0,999.0,89.0,6.88,bluegates,0.0,1002.0,144.0,79.0
10:00:00,9.28,2020-12-11,0.0,974.0,90.0,2.59,trysglwyn,0.55,982.0,197.0,70.0
10:00:00,6.41,2020-12-11,0.0,941.0,99.0,2.62,rheidol,0.39,981.0,202.0,83.0
10:00:00,6.74,2020-12-11,0.0,980.0,98.0,2.36,morton,0.0,985.0,167.0,94.0
10:00:00,9.96,2020-12-11,0.0,979.0,91.0,4.3,isle_of_wight,1.37,985.0,266.0,60.0
10:00:00,8.3,2020-12-11,0.0,982.0,96.0,6.79,bluegates,2.73,987.0,172.0,100.0
10:00:00,7.91,2020-12-12,0.0,990.0,82.0,7.7,trysglwyn,0.11,997.0,296.0,98.0
10:00:00,5.7,2020-12-12,0.0,956.0,90.0,6.45,rheidol,0.46,999.0,302.0,97.0
10:00:00,7.05,2020-12-12,0.0,991.0,97.0,2.64,morton,0.0,994.0,272.0,90.0
10:00:00,8.35,2020-12-12,0.0,993.0,88.0,8.05,isle_of_wight,0.14,997.0,303.0,76.0
10:00:00,7.32,2020-12-12,0.0,991.0,95.0,3.94,bluegates,0.49,994.0,277.0,88.0
10:00:00,6.82,2020-12-13,0.0,985.0,92.0,6.98,trysglwyn,2.7,996.0,130.0,100.0
10:00:00,5.6,2020-12-13,0.0,952.0,98.0,6.49,rheidol,1.7,996.0,143.0,100.0
10:00:00,3.24,2020-12-13,0.0,998.0,93.0,5.23,morton,0.12,1003.0,153.0,49.0
10:00:00,8.09,2020-12-13,0.0,997.0,93.0,10.02,isle_of_wight,0.76,1004.0,170.0,100.0
10:00:00,4.67,2020-12-13,0.0,1002.0,88.0,5.27,bluegates,0.0,1006.0,183.0,76.0
10:00:00,9.78,2020-12-14,0.0,981.0,83.0,10.09,trysglwyn,1.11,988.0,218.0,92.0
10:00:00,7.22,2020-12-14,0.0,949.0,96.0,6.74,rheidol,0.67,991.0,200.0,90.0
10:00:00,8.79,2020-12-14,0.0,990.0,84.0,8.03,morton,0.0,993.0,208.0,32.0
10:00:00,10.8,2020-12-14,0.0,994.0,86.0,8.3,isle_of_wight,0.11,999.0,218.0,28.0
10:00:00,9.49,2020-12-14,0.0,996.0,89.0,6.89,bluegates,0.0,999.0,214.0,71.0
10:00:00,8.47,2020-12-15,0.0,990.0,84.0,8.81,trysglwyn,0.0,997.0,196.0,56.0
10:00:00,4.77,2020-12-15,0.0,956.0,98.0,3.55,rheidol,0.24,999.0,162.0,44.0
10:00:00,5.07,2020-12-15,0.0,998.0,96.0,4.76,morton,0.0,1001.0,190.0,0.0
10:00:00,9.67,2020-12-15,0.0,999.0,83.0,6.69,isle_of_wight,0.28,1004.0,219.0,50.0
10:00:00,8.3,2020-12-15,0.0,1001.0,87.0,4.36,bluegates,0.0,1005.0,210.0,88.0
10:00:00,9.88,2020-12-16,0.0,986.0,83.0,11.95,trysglwyn,1.87,994.0,182.0,100.0
10:00:00,8.32,2020-12-16,0.0,955.0,98.0,5.34,rheidol,7.46,997.0,194.0,100.0
10:00:00,8.14,2020-12-16,0.0,1000.0,87.0,8.8,morton,0.71,1004.0,167.0,100.0
10:00:00,9.79,2020-12-16,0.0,999.0,84.0,11.15,isle_of_wight,0.0,1007.0,181.0,90.0
10:00:00,8.77,2020-12-16,0.0,1005.0,87.0,10.12,bluegates,0.0,1009.0,171.0,71.0
10:00:00,8.97,2020-12-17,0.0,999.0,80.0,7.9,trysglwyn,0.0,1007.0,225.0,10.0
10:00:00,4.22,2020-12-17,0.0,966.0,97.0,3.82,rheidol,0.3,1009.0,197.0,37.0
10:00:00,5.12,2020-12-17,0.0,1006.0,91.0,5.39,morton,0.0,1009.0,219.0,0.0
10:00:00,9.09,2020-12-17,0.0,1008.0,87.0,6.11,isle_of_wight,0.0,1013.0,241.0,4.0
10:00:00,7.1,2020-12-17,0.0,1009.0,90.0,6.01,bluegates,0.0,1012.0,229.0,17.0
10:00:00,11.63,2020-12-18,0.0,991.0,95.0,10.59,trysglwyn,0.0,1000.0,184.0,99.0
10:00:00,10.89,2020-12-18,0.0,959.0,96.0,7.21,rheidol,0.25,1003.0,177.0,98.0
10:00:00,12.37,2020-12-18,0.0,1002.0,86.0,7.41,morton,0.34,1007.0,192.0,87.0
10:00:00,11.28,2020-12-18,0.0,1005.0,90.0,10.86,isle_of_wight,0.1,1011.0,199.0,99.0
10:00:00,10.35,2020-12-18,0.0,1009.0,91.0,10.15,bluegates,0.0,1013.0,194.0,98.0
10:00:00,9.36,2020-12-19,0.0,986.0,87.0,10.35,trysglwyn,0.57,993.0,195.0,75.0
10:00:00,6.65,2020-12-19,0.0,953.0,98.0,5.08,rheidol,0.57,995.0,181.0,67.0
10:00:00,10.19,2020-12-19,0.0,995.0,88.0,6.51,morton,0.9,998.0,195.0,69.0
10:00:00,10.83,2020-12-19,0.0,998.0,87.0,8.99,isle_of_wight,0.8,1003.0,226.0,94.0
10:00:00,9.99,2020-12-19,0.0,1001.0,87.0,6.22,bluegates,0.98,1004.0,203.0,96.0
10:00:00,8.52,2020-12-20,0.0,996.0,80.0,8.15,trysglwyn,0.27,1004.0,240.0,19.0
10:00:00,4.01,2020-12-20,0.0,963.0,99.0,4.41,rheidol,0.58,1006.0,225.0,46.0
10:00:00,5.8,2020-12-20,0.0,1003.0,86.0,5.66,morton,0.0,1007.0,205.0,0.0
10:00:00,8.65,2020-12-20,0.0,1006.0,84.0,9.27,isle_of_wight,0.45,1011.0,239.0,53.0
10:00:00,7.97,2020-12-20,0.0,1007.0,85.0,5.71,bluegates,0.0,1011.0,222.0,92.0
10:00:00,7.3,2020-12-21,0.0,993.0,87.0,7.1,trysglwyn,0.74,1003.0,95.0,99.0
10:00:00,6.56,2020-12-21,0.0,957.0,99.0,3.3,rheidol,0.19,1001.0,112.0,100.0
10:00:00,6.03,2020-12-21,0.0,1001.0,94.0,4.83,morton,0.33,1007.0,127.0,49.0
10:00:00,11.31,2020-12-21,0.0,998.0,96.0,10.41,isle_of_wight,2.68,1005.0,231.0,100.0
10:00:00,9.0,2020-12-21,0.0,1004.0,92.0,11.38,bluegates,2.14,1008.0,165.0,100.0
10:00:00,11.61,2020-12-22,0.0,1006.0,92.0,6.21,isle_of_wight,0.21,1011.0,242.0,99.0
10:00:00,4.24,2020-12-22,0.0,1003.0,82.0,1.28,trysglwyn,0.0,1010.0,292.0,26.0
10:00:00,4.28,2020-12-22,0.0,967.0,97.0,0.75,rheidol,0.0,1010.0,133.0,98.0
10:00:00,9.93,2020-12-22,0.0,1008.0,94.0,2.06,bluegates,0.0,1010.0,288.0,97.0
10:00:00,4.98,2020-12-22,0.0,1007.0,84.0,2.1,morton,0.0,1010.0,291.0,29.0
10:00:00,6.24,2020-12-23,0.0,997.0,94.0,10.94,trysglwyn,7.34,1005.0,46.0,100.0
10:00:00,6.24,2020-12-23,0.0,959.0,99.0,4.23,rheidol,2.89,1002.0,101.0,97.0
10:00:00,5.61,2020-12-23,0.0,1003.0,96.0,5.34,morton,0.63,1008.0,54.0,95.0
10:00:00,11.71,2020-12-23,0.0,998.0,93.0,8.83,isle_of_wight,3.62,1005.0,187.0,100.0
10:00:00,9.67,2020-12-23,0.0,1003.0,94.0,1.85,bluegates,0.0,1007.0,192.0,100.0
10:00:00,2.61,2020-12-24,0.0,1017.0,78.0,6.11,morton,0.0,1020.0,340.0,33.0
10:00:00,5.53,2020-12-24,0.0,1017.0,72.0,9.32,trysglwyn,0.4,1024.0,4.0,57.0
10:00:00,1.82,2020-12-24,0.0,979.0,91.0,3.74,rheidol,0.24,1024.0,335.0,47.0
10:00:00,5.27,2020-12-24,0.0,1015.0,79.0,9.05,isle_of_wight,0.0,1020.0,348.0,66.0
10:00:00,5.22,2020-12-24,0.0,1013.0,74.0,9.7,bluegates,0.0,1017.0,340.0,67.0
10:00:00,0.64,2020-12-25,0.0,1027.0,91.0,3.4,morton,0.0,1032.0,302.0,4.0
10:00:00,3.59,2020-12-25,0.0,1025.0,75.0,4.42,trysglwyn,0.0,1034.0,319.0,76.0
10:00:00,-0.2,2020-12-25,0.0,988.0,96.0,1.26,rheidol,0.0,1033.0,338.0,25.0
10:00:00,1.56,2020-12-25,0.0,1026.0,83.0,5.6,isle_of_wight,0.0,1031.0,340.0,0.0
10:00:00,2.16,2020-12-25,0.0,1027.0,90.0,7.59,bluegates,0.0,1031.0,330.0,34.0
10:00:00,8.07,2020-12-26,0.0,1007.0,83.0,10.33,trysglwyn,0.0,1017.0,243.0,89.0
10:00:00,6.67,2020-12-26,0.0,973.0,98.0,7.29,rheidol,0.22,1017.0,248.0,98.0
10:00:00,5.67,2020-12-26,0.0,1011.0,91.0,5.1,morton,0.0,1016.0,217.0,96.0
10:00:00,7.64,2020-12-26,0.0,1016.0,89.0,8.97,isle_of_wight,0.13,1023.0,249.0,79.0
10:00:00,4.69,2020-12-26,0.0,1016.0,90.0,7.55,bluegates,0.0,1020.0,247.0,99.0
10:00:00,4.31,2020-12-27,0.0,970.0,81.0,5.76,morton,0.0,973.0,244.0,26.0
10:00:00,5.37,2020-12-27,0.0,965.0,73.0,10.26,trysglwyn,0.29,974.0,266.0,76.0
10:00:00,2.58,2020-12-27,0.59,933.0,93.0,7.67,rheidol,0.0,975.0,273.0,78.0
10:00:00,7.35,2020-12-27,0.0,973.0,86.0,8.76,isle_of_wight,0.85,979.0,283.0,100.0
10:00:00,6.19,2020-12-27,0.0,972.0,78.0,8.39,bluegates,3.06,975.0,258.0,100.0
10:00:00,4.52,2020-12-28,0.0,965.0,87.0,10.02,trysglwyn,0.35,970.0,32.0,98.0
10:00:00,1.62,2020-12-28,0.0,928.0,97.0,4.14,rheidol,0.25,969.0,13.0,97.0
10:00:00,0.77,2020-12-28,0.0,968.0,96.0,1.41,morton,0.0,972.0,62.0,86.0
10:00:00,4.38,2020-12-28,0.0,963.0,94.0,4.0,isle_of_wight,2.95,970.0,293.0,76.0
10:00:00,3.58,2020-12-28,0.0,968.0,89.0,1.85,bluegates,0.0,972.0,213.0,94.0
10:00:00,4.8,2020-12-29,0.0,983.0,85.0,9.42,trysglwyn,0.75,989.0,9.0,96.0
10:00:00,0.6,2020-12-29,0.0,946.0,100.0,1.75,rheidol,0.15,988.0,338.0,96.0
10:00:00,1.62,2020-12-29,0.0,984.0,94.0,4.42,morton,1.19,986.0,341.0,95.0
10:00:00,2.83,2020-12-29,0.0,981.0,92.0,0.77,isle_of_wight,0.0,986.0,28.0,92.0
10:00:00,2.28,2020-12-29,0.0,982.0,94.0,3.67,bluegates,0.0,985.0,261.0,97.0
10:00:00,0.93,2020-12-30,0.0,997.0,94.0,4.58,bluegates,0.0,1000.0,275.0,58.0
10:00:00,4.28,2020-12-30,0.0,994.0,77.0,4.02,trysglwyn,0.0,1001.0,311.0,58.0
10:00:00,0.29,2020-12-30,0.29,958.0,98.0,1.4,rheidol,0.0,1001.0,293.0,86.0
10:00:00,0.25,2020-12-30,0.0,997.0,91.0,1.99,morton,0.0,1000.0,287.0,49.0
10:00:00,3.2,2020-12-30,0.0,998.0,84.0,4.79,isle_of_wight,0.0,1004.0,303.0,100.0
10:00:00,-0.44,2020-12-31,0.69,960.0,97.0,3.8,rheidol,0.0,1004.0,308.0,58.0
10:00:00,-0.3,2020-12-31,0.0,1000.0,95.0,2.76,morton,0.0,1003.0,274.0,42.0
10:00:00,3.75,2020-12-31,0.0,996.0,81.0,5.18,trysglwyn,0.46,1004.0,308.0,49.0
10:00:00,0.83,2020-12-31,0.0,999.0,91.0,3.33,isle_of_wight,0.0,1004.0,335.0,10.0
10:00:00,0.0,2020-12-31,0.0,999.0,95.0,4.31,bluegates,0.0,1003.0,329.0,11.0
10:00:00,5.71,2021-01-01,0.0,1006.0,83.0,6.46,trysglwyn,0.0,1013.0,12.0,81.0
10:00:00,1.03,2021-01-01,0.0,968.0,99.0,1.16,rheidol,0.14,1012.0,351.0,98.0
10:00:00,2.69,2021-01-01,0.0,1007.0,92.0,5.25,morton,0.0,1010.0,326.0,67.0
10:00:00,0.43,2021-01-01,0.0,1005.0,93.0,2.84,isle_of_wight,0.0,1011.0,337.0,5.0
10:00:00,0.21,2021-01-01,0.0,1007.0,96.0,2.46,bluegates,0.0,1011.0,326.0,18.0
10:00:00,0.04,2021-01-02,0.0,1013.0,96.0,2.21,morton,0.0,1017.0,309.0,4.0
10:00:00,4.13,2021-01-02,0.0,1010.0,78.0,6.51,trysglwyn,0.93,1018.0,337.0,77.0
10:00:00,-1.18,2021-01-02,0.0,974.0,98.0,1.74,rheidol,0.0,1018.0,318.0,34.0
10:00:00,3.24,2021-01-02,0.0,1011.0,90.0,5.56,isle_of_wight,0.0,1016.0,357.0,97.0
10:00:00,2.03,2021-01-02,0.0,1011.0,92.0,6.77,bluegates,0.0,1015.0,336.0,77.0
10:00:00,4.71,2021-01-03,0.0,1013.0,79.0,7.41,trysglwyn,0.0,1021.0,34.0,64.0
10:00:00,1.75,2021-01-03,0.0,1015.0,94.0,3.55,morton,0.0,1020.0,8.0,49.0
10:00:00,2.03,2021-01-03,0.0,1010.0,91.0,5.66,isle_of_wight,0.0,1015.0,34.0,98.0
10:00:00,0.75,2021-01-03,0.0,975.0,99.0,3.04,rheidol,0.0,1019.0,28.0,49.0
10:00:00,2.28,2021-01-03,0.0,1013.0,92.0,4.33,bluegates,0.1,1015.0,32.0,79.0
10:00:00,4.1,2021-01-04,0.0,1018.0,79.0,8.79,trysglwyn,0.38,1026.0,63.0,52.0
10:00:00,-0.05,2021-01-04,0.0,979.0,99.0,4.4,rheidol,0.0,1023.0,46.0,31.0
10:00:00,2.37,2021-01-04,0.13,1021.0,91.0,5.76,morton,0.0,1025.0,37.0,68.0
10:00:00,3.25,2021-01-04,0.0,1012.0,92.0,10.56,isle_of_wight,0.3,1017.0,34.0,99.0
10:00:00,4.46,2021-01-04,0.0,1016.0,89.0,9.99,bluegates,0.85,1018.0,53.0,100.0
10:00:00,3.76,2021-01-05,0.0,1019.0,73.0,8.51,trysglwyn,0.0,1027.0,46.0,46.0
10:00:00,-0.25,2021-01-05,0.0,980.0,67.0,3.58,rheidol,0.0,1024.0,39.0,29.0
10:00:00,1.16,2021-01-05,0.0,1021.0,95.0,4.93,morton,0.0,1025.0,13.0,76.0
10:00:00,2.47,2021-01-05,0.0,1013.0,87.0,9.09,isle_of_wight,0.0,1019.0,27.0,51.0
10:00:00,3.58,2021-01-05,0.0,1017.0,90.0,7.57,bluegates,1.35,1021.0,43.0,100.0
10:00:00,2.98,2021-01-06,0.0,1015.0,82.0,5.32,trysglwyn,0.0,1024.0,45.0,45.0
10:00:00,-1.47,2021-01-06,0.0,978.0,96.0,2.57,rheidol,0.0,1022.0,47.0,47.0
10:00:00,0.86,2021-01-06,0.0,1019.0,96.0,2.98,morton,0.0,1023.0,357.0,30.0
10:00:00,3.77,2021-01-06,0.0,1015.0,87.0,7.35,isle_of_wight,0.0,1019.0,30.0,95.0
10:00:00,3.6,2021-01-06,0.0,1017.0,87.0,5.32,bluegates,0.31,1019.0,20.0,88.0
10:00:00,0.75,2021-01-07,0.0,1009.0,87.0,4.88,trysglwyn,0.0,1019.0,267.0,71.0
10:00:00,-2.85,2021-01-07,0.0,974.0,98.0,0.79,rheidol,0.0,1019.0,176.0,0.0
10:00:00,-1.56,2021-01-07,0.0,1014.0,98.0,2.9,morton,0.0,1019.0,285.0,12.0
10:00:00,0.73,2021-01-07,0.0,1015.0,93.0,2.8,isle_of_wight,0.0,1018.0,350.0,77.0
10:00:00,0.79,2021-01-07,0.0,1014.0,93.0,5.4,bluegates,0.0,1017.0,330.0,100.0
10:00:00,1.68,2021-01-08,0.0,1013.0,95.0,2.23,morton,0.0,1017.0,28.0,95.0
10:00:00,2.36,2021-01-08,1.36,1010.0,95.0,10.01,trysglwyn,0.0,1019.0,23.0,87.0
10:00:00,-0.73,2021-01-08,0.0,972.0,99.0,1.2,rheidol,0.0,1017.0,355.0,95.0
10:00:00,0.92,2021-01-08,0.0,1013.0,93.0,1.96,isle_of_wight,0.0,1016.0,18.0,79.0
10:00:00,2.19,2021-01-08,0.0,1014.0,92.0,1.72,bluegates,0.0,1017.0,332.0,100.0
10:00:00,-0.32,2021-01-09,0.0,1017.0,90.0,2.14,trysglwyn,0.0,1026.0,175.0,39.0
10:00:00,-0.96,2021-01-09,0.0,1022.0,99.0,1.16,morton,0.0,1027.0,268.0,4.0
10:00:00,1.53,2021-01-09,0.0,1021.0,92.0,3.91,isle_of_wight,0.0,1024.0,42.0,11.0
10:00:00,-0.62,2021-01-09,0.0,981.0,99.0,1.47,rheidol,0.0,1026.0,95.0,53.0
10:00:00,1.24,2021-01-09,0.0,1023.0,90.0,3.61,bluegates,0.0,1026.0,356.0,0.0
10:00:00,5.72,2021-01-10,0.0,1015.0,91.0,5.34,trysglwyn,0.0,1025.0,254.0,93.0
10:00:00,1.01,2021-01-10,0.0,981.0,100.0,2.33,rheidol,0.0,1025.0,242.0,78.0
10:00:00,1.39,2021-01-10,0.0,1020.0,92.0,3.22,morton,0.0,1024.0,256.0,20.0
10:00:00,0.06,2021-01-10,0.0,1022.0,92.0,2.4,isle_of_wight,0.0,1026.0,324.0,18.0
10:00:00,-0.21,2021-01-10,0.0,1021.0,96.0,4.43,bluegates,0.0,1023.0,287.0,5.0
10:00:00,7.38,2021-01-11,0.0,1006.0,85.0,10.61,trysglwyn,0.0,1016.0,241.0,95.0
10:00:00,4.77,2021-01-11,0.0,973.0,96.0,7.72,rheidol,0.0,1017.0,262.0,100.0
10:00:00,5.66,2021-01-11,0.0,1010.0,81.0,5.5,morton,0.0,1015.0,242.0,95.0
10:00:00,6.44,2021-01-11,0.0,1017.0,87.0,6.14,isle_of_wight,0.0,1021.0,270.0,65.0
10:00:00,3.56,2021-01-11,0.0,1015.0,92.0,7.22,bluegates,0.0,1018.0,256.0,88.0
10:00:00,6.48,2021-01-12,0.0,1004.0,84.0,4.45,trysglwyn,0.0,1012.0,20.0,87.0
10:00:00,2.77,2021-01-12,0.0,1008.0,89.0,3.97,morton,0.0,1012.0,344.0,67.0
10:00:00,9.09,2021-01-12,0.0,1008.0,92.0,7.8,isle_of_wight,0.88,1012.0,292.0,100.0
10:00:00,6.84,2021-01-12,0.0,969.0,100.0,2.05,rheidol,1.25,1011.0,300.0,100.0
10:00:00,6.67,2021-01-12,0.0,1008.0,91.0,5.06,bluegates,0.0,1009.0,354.0,100.0
10:00:00,8.12,2021-01-13,0.0,1006.0,96.0,3.71,trysglwyn,2.93,1016.0,217.0,95.0
10:00:00,1.09,2021-01-13,0.0,1012.0,86.0,0.68,morton,0.0,1018.0,18.0,100.0
10:00:00,8.05,2021-01-13,0.0,1015.0,95.0,7.19,isle_of_wight,0.35,1019.0,262.0,100.0
10:00:00,7.66,2021-01-13,0.0,973.0,100.0,6.77,rheidol,4.4,1017.0,267.0,100.0
10:00:00,1.38,2021-01-13,0.0,1014.0,89.0,3.37,bluegates,0.0,1018.0,260.0,100.0
10:00:00,8.11,2021-01-14,0.0,1006.0,96.0,7.82,trysglwyn,2.62,1014.0,344.0,87.0
10:00:00,2.49,2021-01-14,0.0,1009.0,94.0,6.61,morton,1.72,1015.0,113.0,95.0
10:00:00,9.78,2021-01-14,0.0,1009.0,95.0,7.65,isle_of_wight,0.83,1014.0,271.0,100.0
10:00:00,7.61,2021-01-14,0.0,970.0,99.0,9.45,rheidol,2.26,1013.0,318.0,100.0
10:00:00,4.77,2021-01-14,0.0,1012.0,94.0,10.51,bluegates,4.47,1015.0,115.0,100.0
10:00:00,2.88,2021-01-15,0.0,1026.0,82.0,3.26,bluegates,0.0,1029.0,17.0,100.0
10:00:00,2.47,2021-01-15,0.0,1025.0,83.0,3.95,isle_of_wight,0.0,1029.0,32.0,1.0
10:00:00,0.0,2021-01-15,0.0,1025.0,98.0,0.69,morton,0.0,1030.0,294.0,91.0
10:00:00,0.99,2021-01-15,0.0,984.0,98.0,1.3,rheidol,0.0,1029.0,134.0,100.0
10:00:00,4.11,2021-01-15,0.0,1019.0,90.0,1.97,trysglwyn,0.0,1029.0,112.0,76.0
10:00:00,2.25,2021-01-16,1.41,1017.0,94.0,9.73,bluegates,0.0,1020.0,183.0,100.0
10:00:00,6.39,2021-01-16,0.0,1014.0,92.0,11.98,isle_of_wight,3.85,1018.0,187.0,100.0
10:00:00,3.97,2021-01-16,0.0,1009.0,93.0,8.44,morton,3.9,1014.0,183.0,100.0
10:00:00,5.75,2021-01-16,0.0,970.0,96.0,6.3,rheidol,4.93,1014.0,311.0,100.0
10:00:00,7.59,2021-01-16,0.0,1003.0,88.0,7.41,trysglwyn,0.5,1013.0,292.0,100.0
10:00:00,4.76,2021-01-17,0.0,1020.0,85.0,7.09,isle_of_wight,0.0,1023.0,316.0,20.0
10:00:00,6.26,2021-01-17,0.0,1014.0,79.0,7.17,trysglwyn,0.0,1023.0,294.0,48.0
10:00:00,3.59,2021-01-17,0.0,980.0,50.0,4.87,rheidol,0.0,1023.0,308.0,50.0
10:00:00,3.48,2021-01-17,0.0,1017.0,85.0,4.76,morton,0.0,1020.0,291.0,50.0
10:00:00,4.5,2021-01-17,0.0,1018.0,87.0,6.23,bluegates,0.39,1020.0,304.0,87.0
10:00:00,3.48,2021-01-18,0.0,1018.0,90.0,6.42,bluegates,0.0,1022.0,250.0,57.0
10:00:00,6.6,2021-01-18,0.0,1020.0,79.0,5.26,isle_of_wight,0.0,1024.0,269.0,100.0
10:00:00,3.61,2021-01-18,0.0,1014.0,85.0,5.9,morton,0.0,1018.0,248.0,88.0
10:00:00,3.26,2021-01-18,0.0,976.0,93.0,4.08,rheidol,0.13,1021.0,250.0,100.0
10:00:00,6.09,2021-01-18,0.0,1009.0,78.0,7.84,trysglwyn,0.0,1019.0,246.0,99.0
10:00:00,8.65,2021-01-19,0.0,958.0,99.0,10.86,rheidol,0.12,1001.0,238.0,100.0
10:00:00,9.94,2021-01-19,0.0,1004.0,94.0,10.88,isle_of_wight,0.19,1008.0,243.0,100.0
10:00:00,8.87,2021-01-19,0.0,995.0,90.0,6.92,morton,4.61,1000.0,255.0,59.0
10:00:00,9.11,2021-01-19,0.0,989.0,95.0,12.26,trysglwyn,6.36,1000.0,235.0,87.0
10:00:00,10.58,2021-01-19,0.0,1001.0,89.0,10.04,bluegates,0.0,1003.0,251.0,100.0
10:00:00,8.39,2021-01-20,0.0,971.0,98.0,4.25,trysglwyn,3.44,981.0,354.0,95.0
10:00:00,9.25,2021-01-20,0.0,939.0,99.0,8.0,rheidol,7.71,981.0,200.0,100.0
10:00:00,11.16,2021-01-20,0.0,979.0,90.0,8.41,morton,4.3,984.0,208.0,59.0
10:00:00,9.6,2021-01-20,0.0,987.0,92.0,14.15,isle_of_wight,0.99,992.0,205.0,100.0
10:00:00,9.5,2021-01-20,0.0,988.0,89.0,10.86,bluegates,0.0,992.0,204.0,100.0
10:00:00,5.2,2021-01-21,0.0,969.0,76.0,13.64,trysglwyn,0.21,978.0,267.0,73.0
10:00:00,2.42,2021-01-21,0.0,938.0,88.0,8.91,rheidol,0.78,982.0,254.0,87.0
10:00:00,3.43,2021-01-21,0.0,974.0,79.0,9.24,morton,0.0,978.0,233.0,21.0
10:00:00,7.05,2021-01-21,0.0,984.0,77.0,12.06,isle_of_wight,0.0,987.0,244.0,17.0
10:00:00,4.85,2021-01-21,0.0,982.0,79.0,11.27,bluegates,0.0,985.0,231.0,29.0
10:00:00,4.84,2021-01-22,0.0,981.0,75.0,6.76,trysglwyn,0.0,989.0,280.0,13.0
10:00:00,2.15,2021-01-22,0.0,987.0,85.0,5.29,bluegates,0.0,991.0,261.0,0.0
10:00:00,3.66,2021-01-22,0.0,988.0,81.0,3.19,isle_of_wight,0.0,992.0,285.0,45.0
10:00:00,1.75,2021-01-22,0.0,984.0,86.0,5.03,morton,0.0,989.0,252.0,0.0
10:00:00,0.04,2021-01-22,0.0,947.0,97.0,2.66,rheidol,0.0,991.0,281.0,12.0
10:00:00,-0.28,2021-01-23,0.0,989.0,95.0,2.5,morton,0.0,993.0,269.0,38.0
10:00:00,-0.63,2021-01-23,0.16,951.0,98.0,4.11,rheidol,0.0,994.0,309.0,46.0
10:00:00,2.3,2021-01-23,0.0,987.0,78.0,2.65,trysglwyn,0.0,997.0,310.0,65.0
10:00:00,2.13,2021-01-23,0.0,990.0,89.0,3.62,isle_of_wight,0.0,994.0,346.0,91.0
10:00:00,1.13,2021-01-23,0.0,991.0,91.0,3.28,bluegates,0.0,993.0,281.0,62.0
10:00:00,-0.82,2021-01-24,0.25,949.0,99.0,2.31,rheidol,0.0,993.0,157.0,100.0
10:00:00,-0.86,2021-01-24,0.0,992.0,96.0,2.19,morton,0.0,997.0,118.0,49.0
10:00:00,4.18,2021-01-24,0.0,991.0,82.0,4.53,isle_of_wight,4.32,997.0,237.0,92.0
10:00:00,-0.27,2021-01-24,0.0,995.0,89.0,3.04,bluegates,0.0,999.0,179.0,50.0
10:00:00,1.6,2021-01-24,0.0,984.0,83.0,3.77,trysglwyn,0.0,994.0,113.0,100.0
10:00:00,4.0,2021-01-25,0.0,999.0,81.0,6.23,trysglwyn,0.0,1008.0,290.0,6.0
10:00:00,-0.39,2021-01-25,0.0,965.0,92.0,3.1,rheidol,0.0,1006.0,307.0,32.0
10:00:00,0.34,2021-01-25,0.0,1002.0,87.0,4.57,morton,0.0,1005.0,274.0,0.0
10:00:00,0.23,2021-01-25,0.0,1005.0,88.0,4.85,isle_of_wight,0.0,1008.0,329.0,15.0
10:00:00,-0.29,2021-01-25,0.0,1004.0,88.0,5.43,bluegates,0.0,1006.0,302.0,25.0
10:00:00,0.85,2021-01-26,0.0,1014.0,88.0,3.7,bluegates,0.0,1017.0,252.0,79.0
10:00:00,1.27,2021-01-26,0.0,968.0,100.0,3.66,rheidol,0.98,1013.0,148.0,100.0
10:00:00,0.32,2021-01-26,0.0,1011.0,91.0,4.51,morton,0.0,1016.0,213.0,85.0
10:00:00,4.2,2021-01-26,0.0,1014.0,85.0,7.07,isle_of_wight,0.29,1017.0,221.0,59.0
10:00:00,4.8,2021-01-26,0.0,1005.0,91.0,6.44,trysglwyn,1.27,1015.0,196.0,100.0
10:00:00,4.7,2021-01-27,0.0,1008.0,92.0,5.78,bluegates,0.0,1011.0,279.0,43.0
10:00:00,7.74,2021-01-27,0.0,1009.0,94.0,2.54,isle_of_wight,0.0,1013.0,265.0,89.0
10:00:00,6.3,2021-01-27,0.0,1006.0,91.0,4.48,morton,0.0,1011.0,261.0,100.0
10:00:00,4.33,2021-01-27,0.0,968.0,100.0,0.94,rheidol,0.0,1012.0,244.0,84.0
10:00:00,7.67,2021-01-27,0.0,1001.0,94.0,2.95,trysglwyn,0.0,1010.0,251.0,85.0
10:00:00,9.08,2021-01-28,0.0,989.0,91.0,8.97,trysglwyn,0.12,998.0,264.0,84.0
10:00:00,8.43,2021-01-28,0.0,957.0,100.0,7.76,rheidol,0.16,999.0,269.0,100.0
10:00:00,8.4,2021-01-28,0.0,996.0,96.0,7.4,bluegates,1.96,999.0,260.0,100.0
10:00:00,5.38,2021-01-28,0.0,995.0,99.0,2.21,morton,5.95,1000.0,137.0,95.0
10:00:00,10.19,2021-01-28,0.0,999.0,94.0,9.61,isle_of_wight,0.28,1003.0,263.0,94.0
10:00:00,7.82,2021-01-29,0.0,985.0,95.0,7.26,trysglwyn,0.2,993.0,276.0,70.0
10:00:00,5.95,2021-01-29,0.0,952.0,99.0,6.93,rheidol,0.69,993.0,293.0,81.0
10:00:00,7.07,2021-01-29,0.0,988.0,89.0,3.61,morton,0.0,992.0,261.0,72.0
10:00:00,8.63,2021-01-29,0.0,994.0,90.0,12.12,isle_of_wight,0.45,997.0,256.0,55.0
10:00:00,8.07,2021-01-29,0.0,992.0,87.0,7.54,bluegates,0.0,994.0,254.0,55.0
10:00:00,3.19,2021-01-30,0.0,994.0,92.0,11.29,bluegates,2.11,998.0,85.0,100.0
10:00:00,2.87,2021-01-30,0.0,948.0,96.0,11.5,rheidol,6.44,991.0,94.0,100.0
10:00:00,7.51,2021-01-30,0.0,988.0,94.0,9.18,isle_of_wight,3.26,992.0,103.0,100.0
10:00:00,2.55,2021-01-30,0.0,988.0,88.0,13.64,trysglwyn,0.75,998.0,91.0,100.0
10:00:00,2.79,2021-01-30,0.0,995.0,84.0,7.69,morton,0.0,1001.0,88.0,69.0
10:00:00,2.73,2021-01-31,0.0,1001.0,77.0,6.21,bluegates,0.0,1005.0,80.0,99.0
10:00:00,0.78,2021-01-31,0.0,1001.0,90.0,1.2,morton,0.0,1006.0,93.0,100.0
10:00:00,-1.3,2021-01-31,0.0,959.0,91.0,8.18,rheidol,0.0,1004.0,114.0,100.0
10:00:00,3.27,2021-01-31,0.0,999.0,77.0,6.04,isle_of_wight,0.0,1003.0,75.0,100.0
10:00:00,1.56,2021-01-31,0.0,994.0,85.0,5.73,trysglwyn,0.0,1004.0,123.0,100.0
10:00:00,-0.05,2021-02-01,0.0,992.0,91.0,2.83,morton,0.0,996.0,7.0,76.0
10:00:00,2.17,2021-02-01,0.0,986.0,85.0,4.43,trysglwyn,0.0,994.0,111.0,82.0
10:00:00,-0.36,2021-02-01,0.0,951.0,97.0,2.41,rheidol,0.0,994.0,102.0,77.0
10:00:00,3.9,2021-02-01,0.0,991.0,92.0,3.39,isle_of_wight,0.0,994.0,21.0,72.0
10:00:00,3.12,2021-02-01,0.0,991.0,96.0,4.74,bluegates,0.0,993.0,4.0,100.0
10:00:00,7.76,2021-02-02,0.0,948.0,97.0,4.56,rheidol,0.29,990.0,204.0,97.0
10:00:00,7.37,2021-02-02,0.0,992.0,96.0,4.93,bluegates,2.1,995.0,202.0,100.0
10:00:00,10.02,2021-02-02,0.0,992.0,93.0,9.02,isle_of_wight,0.3,996.0,242.0,80.0
10:00:00,2.75,2021-02-02,0.0,989.0,97.0,4.87,morton,2.12,993.0,112.0,100.0
10:00:00,8.15,2021-02-02,0.0,980.0,96.0,6.79,trysglwyn,0.27,989.0,192.0,76.0
10:00:00,4.98,2021-02-03,0.0,948.0,97.0,2.95,rheidol,0.23,991.0,209.0,86.0
10:00:00,4.3,2021-02-03,0.0,987.0,97.0,2.46,morton,0.0,991.0,237.0,94.0
10:00:00,7.85,2021-02-03,0.0,988.0,94.0,2.6,isle_of_wight,3.5,991.0,316.0,99.0
10:00:00,7.57,2021-02-03,0.0,981.0,89.0,4.4,trysglwyn,0.41,989.0,240.0,53.0
10:00:00,7.53,2021-02-03,0.0,989.0,92.0,2.19,bluegates,0.0,992.0,211.0,84.0
10:00:00,3.89,2021-02-04,0.0,960.0,98.0,2.85,rheidol,0.0,1004.0,136.0,76.0
10:00:00,7.53,2021-02-04,0.0,993.0,91.0,8.76,trysglwyn,0.82,1001.0,174.0,87.0
10:00:00,3.91,2021-02-04,0.0,1004.0,97.0,2.72,morton,0.0,1008.0,163.0,94.0
10:00:00,7.1,2021-02-04,0.0,1003.0,94.0,5.51,isle_of_wight,0.0,1008.0,163.0,82.0
10:00:00,4.09,2021-02-04,0.0,1007.0,93.0,3.39,bluegates,0.0,1009.0,188.0,30.0
10:00:00,3.41,2021-02-05,0.0,961.0,99.0,2.78,rheidol,0.0,1004.0,135.0,71.0
10:00:00,6.66,2021-02-05,0.0,995.0,90.0,4.72,trysglwyn,0.0,1003.0,155.0,28.0
10:00:00,6.19,2021-02-05,0.0,1003.0,96.0,2.78,morton,0.0,1007.0,195.0,86.0
10:00:00,6.58,2021-02-05,0.0,1004.0,93.0,3.4,isle_of_wight,0.0,1008.0,208.0,0.0
10:00:00,6.67,2021-02-05,0.0,1005.0,94.0,2.58,bluegates,0.0,1008.0,239.0,60.0
10:00:00,5.78,2021-02-06,0.0,1004.0,95.0,1.15,bluegates,0.31,1008.0,44.0,18.0
10:00:00,5.15,2021-02-06,0.0,1004.0,97.0,2.83,morton,1.68,1009.0,103.0,95.0
10:00:00,3.1,2021-02-06,0.0,1003.0,92.0,1.92,isle_of_wight,0.0,1007.0,5.0,3.0
10:00:00,3.83,2021-02-06,0.0,998.0,88.0,5.5,trysglwyn,0.0,1008.0,77.0,23.0
10:00:00,1.52,2021-02-06,0.0,962.0,100.0,1.35,rheidol,0.18,1006.0,97.0,98.0
10:00:00,1.34,2021-02-07,0.0,1007.0,80.0,8.55,morton,0.0,1012.0,55.0,91.0
10:00:00,2.86,2021-02-07,0.0,1002.0,80.0,10.85,trysglwyn,0.0,1011.0,78.0,76.0
10:00:00,0.16,2021-02-07,3.37,1000.0,96.0,12.55,bluegates,0.0,1002.0,43.0,100.0
10:00:00,0.38,2021-02-07,0.0,965.0,95.0,8.5,rheidol,0.0,1008.0,70.0,89.0
10:00:00,2.82,2021-02-07,0.0,1000.0,85.0,9.42,isle_of_wight,0.0,1003.0,16.0,96.0
10:00:00,-2.37,2021-02-08,0.6,999.0,98.0,9.67,bluegates,0.0,1002.0,54.0,100.0
10:00:00,-0.51,2021-02-08,0.0,996.0,94.0,10.07,isle_of_wight,0.0,1001.0,37.0,92.0
10:00:00,-0.71,2021-02-08,0.85,1004.0,97.0,8.63,morton,0.0,1008.0,64.0,99.0
10:00:00,-2.62,2021-02-08,0.0,962.0,93.0,9.01,rheidol,0.0,1007.0,66.0,63.0
10:00:00,1.3,2021-02-08,0.0,1000.0,86.0,11.54,trysglwyn,0.0,1010.0,68.0,86.0
10:00:00,-0.99,2021-02-09,0.23,1004.0,88.0,6.73,bluegates,0.0,1007.0,80.0,90.0
10:00:00,-0.09,2021-02-09,0.0,999.0,84.0,9.51,trysglwyn,0.0,1008.0,80.0,35.0
10:00:00,-2.32,2021-02-09,0.0,962.0,61.0,8.16,rheidol,0.0,1006.0,86.0,79.0
10:00:00,-2.09,2021-02-09,0.0,1006.0,95.0,3.84,morton,0.0,1011.0,50.0,53.0
10:00:00,-0.4,2021-02-09,0.0,1001.0,91.0,11.36,isle_of_wight,0.0,1004.0,71.0,100.0
10:00:00,-0.47,2021-02-10,0.0,1008.0,83.0,6.42,trysglwyn,0.0,1016.0,72.0,43.0
10:00:00,-2.74,2021-02-10,0.0,971.0,66.0,5.0,rheidol,0.0,1015.0,70.0,59.0
10:00:00,-3.26,2021-02-10,0.0,1012.0,94.0,3.34,morton,0.0,1016.0,28.0,33.0
10:00:00,0.12,2021-02-10,0.0,1008.0,86.0,9.38,isle_of_wight,0.0,1011.0,56.0,66.0
10:00:00,-1.64,2021-02-10,0.0,1010.0,82.0,5.17,bluegates,0.0,1012.0,32.0,86.0
10:00:00,-3.58,2021-02-11,0.0,978.0,51.0,8.54,rheidol,0.0,1024.0,113.0,90.0
10:00:00,-4.11,2021-02-11,0.0,1024.0,94.0,2.57,morton,0.0,1029.0,103.0,53.0
10:00:00,0.48,2021-02-11,0.0,1021.0,84.0,10.62,isle_of_wight,0.0,1024.0,104.0,92.0
10:00:00,-1.35,2021-02-11,0.0,1025.0,80.0,6.27,bluegates,0.0,1028.0,103.0,92.0
10:00:00,-1.28,2021-02-11,0.0,1015.0,86.0,8.05,trysglwyn,0.0,1024.0,116.0,54.0
10:00:00,-1.43,2021-02-12,0.0,1027.0,94.0,9.92,bluegates,0.0,1030.0,92.0,94.0
10:00:00,2.53,2021-02-12,0.0,1021.0,75.0,13.38,isle_of_wight,0.0,1025.0,98.0,100.0
10:00:00,-2.6,2021-02-12,0.0,1027.0,95.0,5.5,morton,0.0,1031.0,115.0,71.0
10:00:00,-2.65,2021-02-12,0.0,980.0,82.0,11.38,rheidol,0.0,1026.0,114.0,99.0
10:00:00,1.49,2021-02-12,0.0,1017.0,62.0,8.57,trysglwyn,0.0,1026.0,116.0,87.0
10:00:00,-0.09,2021-02-13,0.0,1015.0,70.0,7.91,trysglwyn,0.0,1024.0,130.0,95.0
10:00:00,-2.99,2021-02-13,0.22,979.0,72.0,11.78,rheidol,0.0,1026.0,125.0,100.0
10:00:00,-1.66,2021-02-13,0.0,1031.0,74.0,10.34,bluegates,0.0,1034.0,134.0,78.0
10:00:00,-3.11,2021-02-13,0.0,1028.0,83.0,7.57,morton,0.0,1033.0,141.0,87.0
10:00:00,0.38,2021-02-13,0.0,1026.0,81.0,12.01,isle_of_wight,0.0,1030.0,124.0,99.0
10:00:00,6.93,2021-02-14,0.0,1003.0,84.0,8.0,trysglwyn,0.24,1013.0,159.0,87.0
10:00:00,3.09,2021-02-14,0.0,971.0,98.0,7.8,rheidol,0.59,1016.0,145.0,100.0
10:00:00,0.71,2021-02-14,0.0,1020.0,78.0,7.34,morton,0.0,1025.0,164.0,59.0
10:00:00,3.6,2021-02-14,0.0,1021.0,73.0,12.14,isle_of_wight,0.0,1025.0,152.0,100.0
10:00:00,0.46,2021-02-14,0.0,1026.0,77.0,9.33,bluegates,0.0,1030.0,166.0,98.0
10:00:00,6.21,2021-02-15,0.0,970.0,100.0,4.31,rheidol,0.0,1013.0,196.0,86.0
10:00:00,4.95,2021-02-15,0.0,1011.0,98.0,3.4,morton,0.0,1016.0,210.0,92.0
10:00:00,8.42,2021-02-15,0.0,1014.0,95.0,7.81,isle_of_wight,0.24,1017.0,228.0,100.0
10:00:00,7.71,2021-02-15,0.0,1002.0,92.0,8.26,trysglwyn,0.0,1012.0,187.0,75.0
10:00:00,5.65,2021-02-15,0.0,1016.0,95.0,8.01,bluegates,0.99,1019.0,203.0,100.0
10:00:00,6.76,2021-02-16,0.0,1007.0,93.0,8.37,bluegates,0.0,1010.0,193.0,100.0
10:00:00,8.55,2021-02-16,0.0,992.0,91.0,10.52,trysglwyn,0.0,1002.0,212.0,87.0
10:00:00,7.08,2021-02-16,0.0,961.0,99.0,5.2,rheidol,0.39,1003.0,210.0,100.0
10:00:00,9.21,2021-02-16,0.0,1001.0,87.0,5.74,morton,0.29,1006.0,213.0,95.0
10:00:00,8.82,2021-02-16,0.0,1005.0,92.0,10.17,isle_of_wight,1.53,1009.0,219.0,100.0
10:00:00,8.38,2021-02-17,0.0,1008.0,88.0,8.2,bluegates,0.0,1011.0,201.0,100.0
10:00:00,9.07,2021-02-17,0.0,1007.0,89.0,11.38,isle_of_wight,0.17,1011.0,215.0,100.0
10:00:00,8.48,2021-02-17,0.0,1001.0,87.0,7.12,morton,0.27,1005.0,201.0,100.0
10:00:00,5.23,2021-02-17,0.0,961.0,89.0,7.39,rheidol,0.57,1005.0,221.0,100.0
10:00:00,7.35,2021-02-17,0.0,993.0,80.0,10.6,trysglwyn,0.0,1002.0,233.0,100.0
10:00:00,7.98,2021-02-18,0.0,996.0,86.0,9.75,isle_of_wight,2.42,999.0,286.0,98.0
10:00:00,5.93,2021-02-18,0.0,984.0,82.0,11.31,trysglwyn,0.18,992.0,219.0,86.0
10:00:00,3.92,2021-02-18,0.0,952.0,94.0,5.61,rheidol,0.13,994.0,214.0,100.0
10:00:00,8.48,2021-02-18,0.0,991.0,83.0,9.58,morton,0.79,996.0,199.0,87.0
10:00:00,7.45,2021-02-18,0.0,998.0,87.0,11.8,bluegates,0.32,1002.0,171.0,91.0
10:00:00,6.0,2021-02-19,0.0,1007.0,85.0,8.1,bluegates,0.0,1011.0,185.0,100.0
10:00:00,7.3,2021-02-19,0.0,1004.0,83.0,10.1,isle_of_wight,0.0,1008.0,184.0,100.0
10:00:00,6.05,2021-02-19,0.0,1001.0,78.0,7.85,morton,0.0,1005.0,183.0,100.0
10:00:00,5.1,2021-02-19,0.0,956.0,96.0,6.66,rheidol,1.38,1000.0,167.0,100.0
10:00:00,7.86,2021-02-19,0.0,986.0,89.0,12.06,trysglwyn,4.16,995.0,181.0,87.0
10:00:00,8.65,2021-02-20,0.0,1002.0,85.0,8.65,bluegates,0.0,1005.0,179.0,89.0
10:00:00,9.62,2021-02-20,0.0,998.0,82.0,11.39,isle_of_wight,0.0,1002.0,178.0,100.0
10:00:00,10.78,2021-02-20,0.0,995.0,87.0,7.59,morton,0.0,999.0,179.0,100.0
10:00:00,9.07,2021-02-20,0.0,983.0,91.0,6.37,trysglwyn,0.86,992.0,144.0,100.0
10:00:00,9.27,2021-02-20,0.0,951.0,99.0,6.42,rheidol,4.97,993.0,160.0,100.0
10:00:00,7.75,2021-02-21,0.0,994.0,87.0,6.71,trysglwyn,0.0,1003.0,177.0,60.0
10:00:00,5.49,2021-02-21,0.0,961.0,95.0,1.99,rheidol,0.0,1004.0,137.0,95.0
10:00:00,9.29,2021-02-21,0.0,1003.0,88.0,4.2,morton,0.0,1006.0,187.0,99.0
10:00:00,9.11,2021-02-21,0.0,1006.0,87.0,5.75,bluegates,0.0,1008.0,176.0,87.0
10:00:00,9.24,2021-02-21,0.0,1003.0,92.0,4.65,isle_of_wight,0.18,1007.0,155.0,100.0
10:00:00,6.98,2021-02-22,0.0,1003.0,94.0,4.9,trysglwyn,0.0,1011.0,210.0,85.0
10:00:00,5.15,2021-02-22,0.0,969.0,96.0,2.35,rheidol,0.0,1012.0,228.0,100.0
10:00:00,7.46,2021-02-22,0.0,1008.0,97.0,2.39,morton,0.4,1011.0,229.0,69.0
10:00:00,8.47,2021-02-22,0.0,1009.0,97.0,3.47,isle_of_wight,2.26,1011.0,192.0,99.0
10:00:00,9.24,2021-02-22,0.0,1010.0,85.0,5.7,bluegates,0.0,1014.0,192.0,87.0
10:00:00,8.81,2021-02-23,0.0,1000.0,81.0,13.45,trysglwyn,0.37,1009.0,182.0,87.0
10:00:00,7.73,2021-02-23,0.0,970.0,80.0,8.43,rheidol,0.0,1013.0,175.0,91.0
10:00:00,7.43,2021-02-23,0.0,1014.0,76.0,7.48,morton,0.0,1019.0,182.0,99.0
10:00:00,8.02,2021-02-23,0.0,1019.0,85.0,9.68,isle_of_wight,0.0,1022.0,195.0,75.0
10:00:00,7.31,2021-02-23,0.0,1021.0,91.0,6.88,bluegates,0.0,1024.0,194.0,82.0
10:00:00,10.39,2021-02-24,0.0,971.0,99.0,9.04,rheidol,2.5,1013.0,209.0,100.0
10:00:00,8.82,2021-02-24,0.0,1003.0,96.0,8.42,trysglwyn,0.78,1012.0,208.0,87.0
10:00:00,12.95,2021-02-24,0.0,1012.0,80.0,9.43,morton,0.0,1016.0,201.0,87.0
10:00:00,9.97,2021-02-24,0.0,1020.0,79.0,8.04,bluegates,0.0,1024.0,198.0,100.0
10:00:00,10.34,2021-02-24,0.0,1018.0,83.0,9.01,isle_of_wight,0.0,1022.0,194.0,89.0
10:00:00,6.9,2021-02-25,0.0,1014.0,84.0,5.87,trysglwyn,0.0,1022.0,249.0,39.0
10:00:00,4.66,2021-02-25,0.0,980.0,97.0,5.03,rheidol,0.0,1023.0,254.0,47.0
10:00:00,7.78,2021-02-25,0.0,1019.0,83.0,3.86,morton,0.0,1023.0,253.0,93.0
10:00:00,8.75,2021-02-25,0.0,1022.0,91.0,3.59,isle_of_wight,0.1,1025.0,270.0,100.0
10:00:00,9.17,2021-02-25,0.0,1020.0,90.0,4.26,bluegates,0.0,1024.0,245.0,100.0
10:00:00,3.76,2021-02-26,0.0,1031.0,84.0,2.95,morton,0.0,1035.0,257.0,0.0
10:00:00,6.07,2021-02-26,0.0,1025.0,93.0,4.62,trysglwyn,0.0,1035.0,212.0,28.0
10:00:00,1.83,2021-02-26,0.0,991.0,95.0,2.24,rheidol,0.0,1035.0,198.0,36.0
10:00:00,4.02,2021-02-26,0.0,1033.0,88.0,2.02,isle_of_wight,0.0,1036.0,5.0,0.0
10:00:00,5.02,2021-02-26,0.0,1033.0,77.0,2.97,bluegates,0.0,1036.0,346.0,0.0
10:00:00,1.9,2021-02-27,0.0,995.0,91.0,0.4,rheidol,0.0,1040.0,157.0,8.0
10:00:00,6.25,2021-02-27,0.0,1031.0,92.0,4.34,trysglwyn,0.0,1040.0,196.0,21.0
10:00:00,3.09,2021-02-27,0.0,1036.0,87.0,1.3,morton,0.0,1041.0,232.0,16.0
10:00:00,4.13,2021-02-27,0.0,1037.0,89.0,3.31,isle_of_wight,0.0,1041.0,35.0,0.0
10:00:00,3.93,2021-02-27,0.0,1038.0,86.0,2.46,bluegates,0.0,1040.0,1.0,0.0
10:00:00,3.28,2021-02-28,0.0,1028.0,85.0,1.14,trysglwyn,0.0,1038.0,87.0,31.0
10:00:00,2.81,2021-02-28,0.0,992.0,90.0,1.79,rheidol,0.0,1039.0,95.0,66.0
10:00:00,2.32,2021-02-28,0.0,1034.0,91.0,0.82,morton,0.0,1040.0,203.0,30.0
10:00:00,5.0,2021-02-28,0.0,1032.0,88.0,6.45,isle_of_wight,0.0,1036.0,64.0,0.0
10:00:00,4.11,2021-02-28,0.0,1035.0,92.0,3.69,bluegates,0.0,1038.0,46.0,0.0
10:00:00,3.99,2021-03-01,0.0,1023.0,86.0,3.28,trysglwyn,0.0,1032.0,92.0,0.0
10:00:00,1.28,2021-03-01,0.0,986.0,93.0,3.82,rheidol,0.0,1031.0,82.0,2.0
10:00:00,2.1,2021-03-01,0.0,1029.0,94.0,2.03,morton,0.0,1035.0,58.0,47.0
10:00:00,5.41,2021-03-01,0.0,1026.0,90.0,6.85,isle_of_wight,0.0,1030.0,80.0,3.0
10:00:00,7.1,2021-03-01,0.0,1030.0,87.0,4.9,bluegates,0.0,1033.0,91.0,0.0
10:00:00,1.15,2021-03-02,0.0,984.0,92.0,3.01,rheidol,0.0,1028.0,93.0,18.0
10:00:00,2.52,2021-03-02,0.0,1027.0,95.0,2.01,morton,0.0,1032.0,16.0,75.0
10:00:00,2.94,2021-03-02,0.0,1020.0,84.0,2.31,trysglwyn,0.0,1029.0,95.0,0.0
10:00:00,4.05,2021-03-02,0.0,1024.0,91.0,4.61,isle_of_wight,0.0,1028.0,70.0,0.0
10:00:00,7.27,2021-03-02,0.0,1026.0,82.0,3.29,bluegates,0.0,1029.0,88.0,0.0
10:00:00,3.19,2021-03-03,0.0,1018.0,93.0,4.13,trysglwyn,0.0,1027.0,71.0,63.0
10:00:00,3.05,2021-03-03,0.0,982.0,88.0,1.38,rheidol,0.0,1027.0,102.0,88.0
10:00:00,2.86,2021-03-03,0.0,1025.0,92.0,0.63,morton,0.0,1029.0,82.0,95.0
10:00:00,6.97,2021-03-03,0.0,1023.0,92.0,2.17,isle_of_wight,0.13,1027.0,120.0,47.0
10:00:00,6.83,2021-03-03,0.0,1024.0,79.0,0.54,bluegates,0.0,1028.0,143.0,39.0
10:00:00,3.78,2021-03-04,0.0,1022.0,93.0,4.04,morton,0.0,1026.0,12.0,95.0
10:00:00,4.65,2021-03-04,0.0,1017.0,78.0,6.89,trysglwyn,0.0,1026.0,73.0,94.0
10:00:00,3.7,2021-03-04,0.0,981.0,98.0,1.95,rheidol,0.0,1024.0,84.0,97.0
10:00:00,6.82,2021-03-04,0.0,1019.0,93.0,5.3,isle_of_wight,0.0,1023.0,33.0,77.0
10:00:00,4.66,2021-03-04,0.0,1020.0,87.0,4.9,bluegates,0.0,1024.0,22.0,100.0
10:00:00,3.18,2021-03-05,0.0,1028.0,82.0,3.42,morton,0.0,1033.0,27.0,86.0
10:00:00,2.55,2021-03-05,0.0,1023.0,66.0,4.09,trysglwyn,0.0,1032.0,92.0,22.0
10:00:00,0.38,2021-03-05,0.0,987.0,85.0,4.47,rheidol,0.0,1031.0,83.0,5.0
10:00:00,3.87,2021-03-05,0.0,1026.0,72.0,7.95,isle_of_wight,0.0,1029.0,61.0,71.0
10:00:00,3.73,2021-03-05,0.0,1028.0,74.0,5.88,bluegates,0.0,1031.0,40.0,100.0
10:00:00,1.87,2021-03-06,0.0,1025.0,76.0,2.07,trysglwyn,0.0,1035.0,180.0,43.0
10:00:00,-0.32,2021-03-06,0.0,989.0,92.0,1.52,rheidol,0.0,1034.0,99.0,0.0
10:00:00,2.74,2021-03-06,0.0,1031.0,81.0,0.26,morton,0.0,1037.0,269.0,67.0
10:00:00,2.71,2021-03-06,0.0,1030.0,82.0,6.27,isle_of_wight,0.0,1033.0,65.0,17.0
10:00:00,2.64,2021-03-06,0.0,1032.0,82.0,3.68,bluegates,0.0,1035.0,50.0,57.0
10:00:00,3.35,2021-03-07,0.0,1018.0,78.0,1.24,trysglwyn,0.0,1029.0,198.0,50.0
10:00:00,1.87,2021-03-07,0.0,1023.0,80.0,2.81,morton,0.0,1029.0,288.0,38.0
10:00:00,1.51,2021-03-07,0.0,1024.0,89.0,3.77,isle_of_wight,0.0,1028.0,34.0,1.0
10:00:00,-1.06,2021-03-07,0.0,983.0,93.0,0.42,rheidol,0.0,1028.0,340.0,31.0
10:00:00,1.76,2021-03-07,0.0,1025.0,80.0,1.78,bluegates,0.0,1028.0,359.0,5.0
10:00:00,6.15,2021-03-08,0.0,1014.0,82.0,5.14,trysglwyn,0.35,1024.0,225.0,91.0
10:00:00,0.74,2021-03-08,0.0,979.0,93.0,1.17,rheidol,0.0,1024.0,236.0,58.0
10:00:00,3.37,2021-03-08,0.0,1018.0,86.0,3.34,morton,0.17,1023.0,253.0,87.0
10:00:00,1.66,2021-03-08,0.0,1021.0,89.0,1.29,isle_of_wight,0.0,1024.0,15.0,5.0
10:00:00,3.49,2021-03-08,0.0,1021.0,81.0,3.07,bluegates,0.0,1023.0,223.0,98.0
10:00:00,7.11,2021-03-09,0.0,1008.0,97.0,6.98,trysglwyn,0.14,1018.0,214.0,87.0
10:00:00,2.96,2021-03-09,0.0,975.0,96.0,2.96,rheidol,0.2,1019.0,200.0,72.0
10:00:00,4.64,2021-03-09,0.0,1014.0,83.0,2.56,morton,0.0,1020.0,228.0,63.0
10:00:00,3.61,2021-03-09,0.0,1017.0,89.0,2.65,isle_of_wight,0.0,1022.0,289.0,10.0
10:00:00,4.34,2021-03-09,0.0,1017.0,81.0,4.69,bluegates,0.0,1020.0,282.0,0.0
10:00:00,6.23,2021-03-10,0.0,999.0,88.0,9.24,morton,1.56,1005.0,196.0,95.0
10:00:00,7.87,2021-03-10,0.0,991.0,94.0,3.09,trysglwyn,2.57,1001.0,193.0,95.0
10:00:00,7.39,2021-03-10,0.0,959.0,100.0,5.41,rheidol,5.34,1001.0,208.0,100.0
10:00:00,6.9,2021-03-10,0.0,1007.0,87.0,11.01,isle_of_wight,1.23,1012.0,201.0,100.0
10:00:00,5.5,2021-03-10,0.0,1010.0,82.0,11.11,bluegates,0.96,1013.0,199.0,100.0
10:00:00,7.23,2021-03-11,0.0,980.0,78.0,12.31,trysglwyn,0.23,986.0,267.0,87.0
10:00:00,5.68,2021-03-11,0.0,949.0,92.0,11.2,rheidol,0.55,990.0,267.0,100.0
10:00:00,7.87,2021-03-11,0.0,981.0,76.0,9.25,morton,2.49,981.0,278.0,95.0
10:00:00,8.97,2021-03-11,0.0,994.0,79.0,13.22,isle_of_wight,0.16,996.0,258.0,65.0
10:00:00,7.34,2021-03-11,0.0,992.0,78.0,11.85,bluegates,0.15,995.0,248.0,68.0
10:00:00,5.3,2021-03-12,0.0,992.0,79.0,10.52,morton,0.0,997.0,260.0,49.0
10:00:00,5.84,2021-03-12,0.0,987.0,79.0,11.52,trysglwyn,0.58,996.0,263.0,55.0
10:00:00,3.89,2021-03-12,0.0,955.0,90.0,9.31,rheidol,0.86,998.0,268.0,97.0
10:00:00,7.56,2021-03-12,0.0,1001.0,82.0,12.28,isle_of_wight,0.88,1004.0,247.0,86.0
10:00:00,6.88,2021-03-12,0.0,999.0,77.0,10.87,bluegates,0.14,1002.0,228.0,98.0
10:00:00,5.72,2021-03-13,0.0,988.0,73.0,12.57,bluegates,0.0,991.0,264.0,45.0
10:00:00,6.76,2021-03-13,0.0,993.0,70.0,11.72,isle_of_wight,0.0,997.0,276.0,38.0
10:00:00,5.01,2021-03-13,0.0,982.0,73.0,10.11,morton,0.19,986.0,278.0,100.0
10:00:00,2.2,2021-03-13,0.0,950.0,82.0,10.75,rheidol,0.44,994.0,284.0,100.0
10:00:00,5.27,2021-03-13,0.0,982.0,72.0,12.97,trysglwyn,0.38,991.0,290.0,89.0
10:00:00,6.68,2021-03-14,0.0,1004.0,85.0,8.66,trysglwyn,0.13,1013.0,279.0,66.0
10:00:00,4.91,2021-03-14,0.0,971.0,89.0,7.4,rheidol,0.51,1015.0,297.0,98.0
10:00:00,6.25,2021-03-14,0.0,1006.0,75.0,6.91,morton,0.0,1010.0,295.0,31.0
10:00:00,6.21,2021-03-14,0.0,1012.0,81.0,7.59,isle_of_wight,0.0,1015.0,296.0,54.0
10:00:00,6.29,2021-03-14,0.0,1008.0,78.0,9.66,bluegates,0.0,1012.0,292.0,0.0
10:00:00,7.28,2021-03-15,0.0,1014.0,80.0,5.5,morton,0.0,1018.0,328.0,29.0
10:00:00,7.79,2021-03-15,0.0,1012.0,90.0,5.46,trysglwyn,0.0,1021.0,303.0,86.0
10:00:00,5.97,2021-03-15,0.0,977.0,92.0,5.99,rheidol,0.0,1021.0,317.0,88.0
10:00:00,8.11,2021-03-15,0.0,1017.0,85.0,6.66,isle_of_wight,0.0,1020.0,315.0,99.0
10:00:00,7.32,2021-03-15,0.0,1013.0,80.0,7.66,bluegates,0.13,1016.0,331.0,35.0
10:00:00,9.45,2021-03-16,0.0,1024.0,92.0,3.64,isle_of_wight,0.0,1028.0,298.0,100.0
10:00:00,10.7,2021-03-16,0.0,1022.0,78.0,5.55,morton,0.0,1026.0,311.0,92.0
10:00:00,6.74,2021-03-16,0.0,984.0,97.0,3.59,rheidol,0.0,1029.0,297.0,100.0
10:00:00,8.56,2021-03-16,0.0,1018.0,95.0,5.91,trysglwyn,0.12,1028.0,278.0,100.0
10:00:00,6.01,2021-03-16,0.0,1022.0,92.0,5.14,bluegates,1.14,1025.0,257.0,100.0
10:00:00,6.33,2021-03-17,0.0,1030.0,88.0,3.69,isle_of_wight,0.0,1033.0,338.0,33.0
10:00:00,5.8,2021-03-17,0.0,1026.0,85.0,2.68,trysglwyn,0.0,1037.0,321.0,80.0
10:00:00,4.93,2021-03-17,0.0,990.0,91.0,1.56,rheidol,0.0,1036.0,298.0,89.0
10:00:00,6.09,2021-03-17,0.0,1029.0,82.0,1.24,morton,0.0,1034.0,250.0,49.0
10:00:00,6.04,2021-03-17,0.0,1028.0,86.0,6.03,bluegates,0.0,1031.0,349.0,78.0
10:00:00,7.84,2021-03-18,0.0,1023.0,93.0,5.08,trysglwyn,0.0,1034.0,329.0,95.0
10:00:00,3.39,2021-03-18,0.0,987.0,89.0,1.75,rheidol,0.0,1032.0,315.0,84.0
10:00:00,7.03,2021-03-18,0.0,1026.0,82.0,3.94,morton,0.0,1032.0,338.0,59.0
10:00:00,6.1,2021-03-18,0.0,1026.0,83.0,6.83,isle_of_wight,0.0,1031.0,354.0,98.0
10:00:00,6.07,2021-03-18,0.0,1025.0,83.0,6.88,bluegates,0.0,1029.0,353.0,100.0
10:00:00,7.76,2021-03-19,0.0,1025.0,87.0,6.32,morton,0.0,1029.0,27.0,95.0
10:00:00,7.87,2021-03-19,0.0,1021.0,92.0,6.51,trysglwyn,0.0,1030.0,34.0,65.0
10:00:00,7.52,2021-03-19,0.0,985.0,92.0,3.92,rheidol,0.0,1028.0,34.0,40.0
10:00:00,7.24,2021-03-19,0.0,1022.0,85.0,6.66,isle_of_wight,0.0,1025.0,50.0,86.0
10:00:00,6.11,2021-03-19,0.0,1024.0,80.0,5.06,bluegates,0.0,1027.0,57.0,72.0
10:00:00,8.18,2021-03-20,0.0,1027.0,82.0,2.3,morton,0.0,1033.0,335.0,86.0
10:00:00,8.18,2021-03-20,0.0,1023.0,89.0,2.98,trysglwyn,0.0,1033.0,289.0,90.0
10:00:00,6.87,2021-03-20,0.0,988.0,91.0,1.38,rheidol,0.0,1032.0,287.0,95.0
10:00:00,4.76,2021-03-20,0.0,1029.0,86.0,2.27,isle_of_wight,0.0,1032.0,348.0,20.0
10:00:00,5.88,2021-03-20,0.0,1028.0,91.0,3.06,bluegates,0.0,1032.0,319.0,81.0
10:00:00,6.86,2021-03-21,0.0,1024.0,81.0,6.08,bluegates,0.0,1028.0,358.0,89.0
10:00:00,7.77,2021-03-21,0.0,1025.0,86.0,5.35,isle_of_wight,0.0,1029.0,12.0,100.0
10:00:00,7.28,2021-03-21,0.0,1025.0,72.0,4.08,morton,0.0,1029.0,2.0,81.0
10:00:00,6.54,2021-03-21,0.0,986.0,86.0,1.85,rheidol,0.0,1031.0,299.0,57.0
10:00:00,7.3,2021-03-21,0.0,1021.0,82.0,4.25,trysglwyn,0.0,1031.0,320.0,37.0
10:00:00,7.08,2021-03-22,0.0,1023.0,84.0,2.08,isle_of_wight,0.0,1027.0,313.0,77.0
10:00:00,7.2,2021-03-22,0.0,1016.0,89.0,3.71,trysglwyn,0.0,1027.0,228.0,87.0
10:00:00,3.28,2021-03-22,0.0,982.0,88.0,1.06,rheidol,0.0,1027.0,242.0,21.0
10:00:00,4.54,2021-03-22,0.0,1021.0,87.0,2.63,morton,0.0,1026.0,290.0,52.0
10:00:00,5.34,2021-03-22,0.0,1023.0,84.0,3.18,bluegates,0.0,1026.0,277.0,21.0
10:00:00,7.82,2021-03-23,0.0,1010.0,79.0,8.8,trysglwyn,0.0,1021.0,196.0,95.0
10:00:00,5.93,2021-03-23,0.0,977.0,81.0,4.53,rheidol,0.0,1022.0,201.0,97.0
10:00:00,7.24,2021-03-23,0.0,1017.0,75.0,5.42,morton,0.0,1023.0,224.0,56.0
10:00:00,7.41,2021-03-23,0.0,1021.0,86.0,5.04,isle_of_wight,0.0,1025.0,229.0,90.0
10:00:00,7.84,2021-03-23,0.0,1020.0,82.0,4.38,bluegates,0.0,1024.0,245.0,67.0
10:00:00,8.25,2021-03-24,0.0,1014.0,84.0,3.45,morton,0.0,1018.0,241.0,95.0
10:00:00,7.18,2021-03-24,0.0,1008.0,87.0,7.02,trysglwyn,0.0,1017.0,231.0,88.0
10:00:00,6.4,2021-03-24,0.0,975.0,88.0,4.15,rheidol,0.0,1018.0,247.0,96.0
10:00:00,7.84,2021-03-24,0.0,1017.0,92.0,4.81,isle_of_wight,0.0,1021.0,211.0,95.0
10:00:00,8.4,2021-03-24,0.0,1017.0,82.0,5.14,bluegates,0.0,1020.0,220.0,96.0
10:00:00,7.99,2021-03-25,0.0,1004.0,89.0,7.61,trysglwyn,0.0,1014.0,208.0,89.0
10:00:00,6.79,2021-03-25,0.0,972.0,90.0,4.92,rheidol,0.0,1016.0,226.0,92.0
10:00:00,6.67,2021-03-25,0.0,1012.0,86.0,5.88,morton,0.0,1016.0,217.0,69.0
10:00:00,7.44,2021-03-25,0.0,1016.0,89.0,6.04,isle_of_wight,0.0,1020.0,223.0,30.0
10:00:00,7.7,2021-03-25,0.0,1016.0,74.0,4.28,bluegates,0.0,1020.0,235.0,2.0
10:00:00,6.53,2021-03-26,0.0,993.0,83.0,10.3,trysglwyn,1.65,1001.0,258.0,87.0
10:00:00,4.99,2021-03-26,0.0,961.0,96.0,6.82,rheidol,1.82,1003.0,272.0,97.0
10:00:00,9.62,2021-03-26,0.0,999.0,78.0,9.82,morton,0.0,1004.0,199.0,98.0
10:00:00,9.22,2021-03-26,0.0,1006.0,88.0,12.61,isle_of_wight,0.22,1011.0,209.0,98.0
10:00:00,8.54,2021-03-26,0.0,1008.0,89.0,9.94,bluegates,0.0,1011.0,197.0,82.0
10:00:00,4.94,2021-03-27,0.0,1017.0,70.0,9.71,bluegates,0.0,1020.0,260.0,18.0
10:00:00,6.9,2021-03-27,0.0,1018.0,68.0,8.19,isle_of_wight,0.0,1023.0,267.0,61.0
10:00:00,5.66,2021-03-27,0.0,1012.0,62.0,8.8,morton,0.0,1016.0,263.0,35.0
10:00:00,5.33,2021-03-27,0.0,1008.0,69.0,9.56,trysglwyn,0.0,1017.0,255.0,50.0
10:00:00,3.98,2021-03-27,0.1,975.0,44.0,7.46,rheidol,0.0,1017.0,271.0,31.0
10:00:00,9.56,2021-03-28,0.0,1003.0,94.0,13.02,trysglwyn,1.05,1012.0,214.0,95.0
10:00:00,8.7,2021-03-28,0.0,973.0,98.0,9.07,rheidol,0.55,1015.0,228.0,100.0
10:00:00,9.69,2021-03-28,0.0,1011.0,86.0,9.19,morton,0.0,1014.0,224.0,87.0
10:00:00,9.01,2021-03-28,0.0,1020.0,86.0,11.09,isle_of_wight,0.0,1023.0,226.0,98.0
10:00:00,8.72,2021-03-28,0.0,1019.0,83.0,9.49,bluegates,0.0,1022.0,223.0,100.0
10:00:00,9.44,2021-03-29,0.0,1024.0,83.0,6.67,isle_of_wight,0.0,1027.0,224.0,79.0
10:00:00,9.2,2021-03-29,0.0,978.0,97.0,6.35,rheidol,0.0,1022.0,220.0,100.0
10:00:00,12.63,2021-03-29,0.0,1017.0,80.0,9.16,morton,0.0,1020.0,231.0,59.0
10:00:00,10.19,2021-03-29,0.0,1023.0,86.0,6.93,bluegates,0.0,1025.0,231.0,74.0
10:00:00,9.93,2021-03-29,0.0,1009.0,92.0,12.76,trysglwyn,0.0,1018.0,212.0,95.0
10:00:00,9.13,2021-03-30,0.0,1016.0,83.0,5.28,trysglwyn,0.0,1026.0,200.0,39.0
10:00:00,9.62,2021-03-30,0.0,983.0,75.0,1.42,rheidol,0.0,1025.0,149.0,35.0
10:00:00,9.16,2021-03-30,0.0,1023.0,78.0,4.37,morton,0.0,1028.0,208.0,46.0
10:00:00,9.04,2021-03-30,0.0,1024.0,91.0,3.59,isle_of_wight,0.0,1028.0,109.0,1.0
10:00:00,9.49,2021-03-30,0.0,1026.0,63.0,2.72,bluegates,0.0,1029.0,168.0,34.0
10:00:00,9.65,2021-03-31,0.0,1010.0,89.0,2.88,trysglwyn,0.0,1019.0,218.0,69.0
10:00:00,9.82,2021-03-31,0.0,976.0,83.0,1.09,rheidol,0.0,1019.0,192.0,76.0
10:00:00,12.84,2021-03-31,0.0,1015.0,73.0,3.5,morton,0.0,1020.0,215.0,42.0
10:00:00,10.48,2021-03-31,0.0,1017.0,87.0,2.0,isle_of_wight,0.0,1020.0,155.0,21.0
10:00:00,12.92,2021-03-31,0.0,1019.0,80.0,3.14,bluegates,0.0,1022.0,188.0,5.0
10:00:00,6.46,2021-04-01,0.0,1024.0,82.0,6.18,morton,0.0,1028.0,43.0,95.0
10:00:00,9.37,2021-04-01,0.0,1016.0,84.0,9.2,trysglwyn,0.0,1023.0,85.0,6.0
10:00:00,7.56,2021-04-01,0.0,980.0,93.0,7.4,rheidol,0.0,1024.0,84.0,69.0
10:00:00,10.55,2021-04-01,0.0,1018.0,87.0,7.23,isle_of_wight,0.0,1021.0,51.0,24.0
10:00:00,8.9,2021-04-01,0.0,1023.0,80.0,7.59,bluegates,0.0,1026.0,31.0,33.0
10:00:00,6.22,2021-04-02,0.0,1027.0,72.0,6.53,bluegates,0.0,1029.0,33.0,11.0
10:00:00,6.23,2021-04-02,0.0,1025.0,69.0,7.53,isle_of_wight,0.0,1029.0,50.0,3.0
10:00:00,5.98,2021-04-02,0.0,1028.0,66.0,4.11,morton,0.0,1032.0,0.0,6.0
10:00:00,4.56,2021-04-02,0.0,987.0,60.0,3.36,rheidol,0.0,1032.0,72.0,5.0
10:00:00,6.02,2021-04-02,0.0,1023.0,67.0,5.8,trysglwyn,0.0,1033.0,56.0,0.0
10:00:00,3.46,2021-04-03,0.0,990.0,80.0,3.77,rheidol,0.0,1034.0,53.0,3.0
10:00:00,5.89,2021-04-03,0.0,1031.0,73.0,6.12,morton,0.0,1035.0,16.0,44.0
10:00:00,5.28,2021-04-03,0.0,1026.0,83.0,3.94,trysglwyn,0.0,1035.0,66.0,1.0
10:00:00,6.38,2021-04-03,0.0,1028.0,73.0,8.03,isle_of_wight,0.0,1031.0,40.0,47.0
10:00:00,7.02,2021-04-03,0.0,1029.0,67.0,6.82,bluegates,0.0,1032.0,25.0,44.0
10:00:00,5.61,2021-04-04,0.0,1022.0,75.0,3.36,morton,0.0,1027.0,262.0,19.0
10:00:00,4.3,2021-04-04,0.0,1019.0,83.0,4.67,trysglwyn,0.0,1029.0,238.0,78.0
10:00:00,5.29,2021-04-04,0.0,984.0,78.0,2.34,rheidol,0.0,1029.0,274.0,52.0
10:00:00,4.47,2021-04-04,0.0,1025.0,83.0,1.25,isle_of_wight,0.0,1029.0,1.0,23.0
10:00:00,6.48,2021-04-04,0.0,1024.0,73.0,2.15,bluegates,0.0,1028.0,278.0,21.0
10:00:00,3.08,2021-04-05,0.37,1014.0,56.0,9.9,bluegates,0.0,1018.0,353.0,99.0
10:00:00,5.33,2021-04-05,0.0,1015.0,61.0,8.52,isle_of_wight,0.0,1019.0,349.0,100.0
10:00:00,0.81,2021-04-05,0.0,1016.0,41.0,9.2,morton,0.0,1021.0,342.0,58.0
10:00:00,0.53,2021-04-05,0.0,978.0,59.0,8.06,rheidol,0.0,1023.0,13.0,92.0
10:00:00,2.11,2021-04-05,0.0,1015.0,48.0,10.7,trysglwyn,0.0,1025.0,3.0,83.0
10:00:00,1.37,2021-04-06,0.33,978.0,89.0,7.13,rheidol,0.0,1023.0,331.0,79.0
10:00:00,2.25,2021-04-06,0.0,1016.0,56.0,7.41,morton,0.0,1021.0,334.0,1.0
10:00:00,3.02,2021-04-06,1.37,1015.0,70.0,8.78,trysglwyn,0.0,1024.0,339.0,87.0
10:00:00,2.94,2021-04-06,0.0,1018.0,63.0,7.88,isle_of_wight,0.0,1022.0,338.0,8.0
10:00:00,2.55,2021-04-06,0.0,1016.0,59.0,8.11,bluegates,0.0,1019.0,325.0,45.0
10:00:00,4.14,2021-04-07,0.0,1015.0,64.0,6.32,trysglwyn,0.19,1024.0,324.0,87.0
10:00:00,2.28,2021-04-07,0.0,980.0,69.0,4.24,rheidol,0.0,1024.0,326.0,66.0
10:00:00,2.1,2021-04-07,0.0,1018.0,54.0,5.78,morton,0.0,1023.0,328.0,20.0
10:00:00,2.61,2021-04-07,0.0,1021.0,72.0,4.7,isle_of_wight,0.0,1025.0,304.0,6.0
10:00:00,2.29,2021-04-07,0.0,1019.0,58.0,6.44,bluegates,0.0,1021.0,303.0,9.0
10:00:00,7.19,2021-04-08,0.0,1009.0,86.0,8.19,trysglwyn,0.0,1020.0,239.0,59.0
10:00:00,6.11,2021-04-08,0.0,977.0,90.0,6.03,rheidol,0.17,1021.0,256.0,100.0
10:00:00,6.5,2021-04-08,0.0,1015.0,81.0,5.75,morton,0.0,1019.0,236.0,86.0
10:00:00,6.71,2021-04-08,0.0,1020.0,64.0,4.89,isle_of_wight,0.0,1024.0,229.0,33.0
10:00:00,6.1,2021-04-08,0.0,1019.0,63.0,6.25,bluegates,0.0,1023.0,239.0,16.0
10:00:00,6.21,2021-04-09,0.0,1008.0,71.0,4.24,morton,0.0,1012.0,304.0,59.0
10:00:00,5.92,2021-04-09,0.0,1004.0,75.0,4.44,trysglwyn,0.15,1013.0,340.0,67.0
10:00:00,3.78,2021-04-09,0.0,969.0,91.0,0.97,rheidol,0.23,1013.0,324.0,100.0
10:00:00,6.64,2021-04-09,0.0,1011.0,83.0,2.57,isle_of_wight,0.0,1014.0,267.0,100.0
10:00:00,7.5,2021-04-09,0.0,1011.0,77.0,5.38,bluegates,0.0,1014.0,259.0,100.0
10:00:00,2.66,2021-04-10,0.0,1007.0,68.0,3.95,trysglwyn,0.0,1016.0,11.0,19.0
10:00:00,0.7,2021-04-10,0.0,971.0,82.0,3.28,rheidol,0.0,1015.0,26.0,5.0
10:00:00,3.16,2021-04-10,0.0,1012.0,85.0,2.86,morton,0.0,1017.0,31.0,73.0
10:00:00,6.43,2021-04-10,0.0,1008.0,89.0,7.37,isle_of_wight,0.44,1012.0,29.0,100.0
10:00:00,5.32,2021-04-10,0.0,1011.0,82.0,7.77,bluegates,0.51,1013.0,71.0,100.0
10:00:00,2.58,2021-04-11,0.41,1011.0,79.0,1.94,trysglwyn,0.0,1020.0,56.0,56.0
10:00:00,1.22,2021-04-11,0.0,975.0,86.0,1.56,rheidol,0.0,1020.0,46.0,45.0
10:00:00,2.82,2021-04-11,0.0,1015.0,78.0,5.59,morton,0.0,1019.0,352.0,4.0
10:00:00,4.1,2021-04-11,0.0,1015.0,79.0,6.3,isle_of_wight,0.0,1017.0,18.0,71.0
10:00:00,4.33,2021-04-11,0.0,1014.0,69.0,6.54,bluegates,0.0,1016.0,356.0,12.0
10:00:00,2.99,2021-04-12,0.0,1018.0,87.0,3.03,trysglwyn,0.0,1027.0,323.0,43.0
10:00:00,2.05,2021-04-12,0.0,983.0,91.0,2.03,rheidol,0.0,1027.0,342.0,98.0
10:00:00,1.99,2021-04-12,0.0,1023.0,83.0,2.82,morton,0.0,1027.0,334.0,2.0
10:00:00,3.57,2021-04-12,0.0,1024.0,93.0,4.92,isle_of_wight,0.7,1028.0,303.0,46.0
10:00:00,2.76,2021-04-12,0.0,1024.0,78.0,4.5,bluegates,0.0,1027.0,300.0,25.0
10:00:00,3.41,2021-04-13,0.0,988.0,88.0,1.21,rheidol,0.0,1032.0,211.0,63.0
10:00:00,3.42,2021-04-13,0.0,1029.0,81.0,2.46,morton,0.0,1033.0,311.0,5.0
10:00:00,4.7,2021-04-13,0.0,1029.0,89.0,0.81,isle_of_wight,0.0,1033.0,187.0,10.0
10:00:00,3.81,2021-04-13,0.0,1030.0,61.0,2.53,bluegates,0.0,1033.0,268.0,2.0
10:00:00,6.5,2021-04-13,0.0,1023.0,84.0,3.5,trysglwyn,0.0,1032.0,234.0,55.0
10:00:00,3.6,2021-04-14,0.0,1024.0,87.0,2.29,trysglwyn,0.0,1033.0,37.0,17.0
10:00:00,4.31,2021-04-14,0.0,1030.0,89.0,2.21,morton,0.0,1035.0,29.0,45.0
10:00:00,5.5,2021-04-14,0.0,1029.0,84.0,3.8,isle_of_wight,0.0,1032.0,54.0,10.0
10:00:00,4.88,2021-04-14,0.0,1030.0,77.0,4.27,bluegates,0.0,1033.0,39.0,74.0
10:00:00,3.67,2021-04-14,0.0,988.0,87.0,1.84,rheidol,0.0,1033.0,77.0,8.0
10:00:00,6.79,2021-04-15,0.0,1030.0,70.0,6.58,bluegates,0.11,1033.0,22.0,60.0
10:00:00,5.69,2021-04-15,0.0,1029.0,67.0,5.47,isle_of_wight,0.0,1034.0,45.0,5.0
10:00:00,6.32,2021-04-15,0.0,1031.0,64.0,3.37,morton,0.0,1035.0,21.0,7.0
10:00:00,5.01,2021-04-15,0.0,989.0,75.0,2.06,rheidol,0.0,1034.0,90.0,85.0
10:00:00,7.54,2021-04-15,0.0,1024.0,71.0,3.48,trysglwyn,0.0,1034.0,97.0,8.0
10:00:00,2.95,2021-04-16,0.0,987.0,79.0,0.41,rheidol,0.0,1031.0,135.0,3.0
10:00:00,4.48,2021-04-16,0.0,1028.0,80.0,1.41,morton,0.0,1033.0,67.0,3.0
10:00:00,6.99,2021-04-16,0.0,1022.0,80.0,2.4,trysglwyn,0.0,1031.0,214.0,30.0
10:00:00,4.84,2021-04-16,0.0,1027.0,84.0,4.62,isle_of_wight,0.0,1030.0,53.0,8.0
10:00:00,4.32,2021-04-16,0.0,1028.0,81.0,4.12,bluegates,0.0,1031.0,46.0,30.0
10:00:00,4.67,2021-04-17,0.0,1020.0,84.0,1.12,trysglwyn,0.0,1030.0,159.0,46.0
10:00:00,4.53,2021-04-17,0.0,985.0,66.0,1.86,rheidol,0.0,1028.0,125.0,17.0
10:00:00,3.87,2021-04-17,0.0,1026.0,76.0,1.66,morton,0.0,1032.0,111.0,19.0
10:00:00,5.51,2021-04-17,0.0,1026.0,85.0,4.59,isle_of_wight,0.0,1030.0,46.0,3.0
10:00:00,5.33,2021-04-17,0.0,1027.0,77.0,4.53,bluegates,0.0,1030.0,34.0,5.0
10:00:00,7.77,2021-04-18,0.0,1015.0,78.0,3.7,trysglwyn,0.0,1025.0,195.0,83.0
10:00:00,5.56,2021-04-18,0.0,981.0,76.0,1.03,rheidol,0.0,1025.0,243.0,100.0
10:00:00,4.75,2021-04-18,0.0,1022.0,80.0,1.4,morton,0.0,1027.0,130.0,33.0
10:00:00,6.9,2021-04-18,0.0,1022.0,90.0,2.15,isle_of_wight,0.0,1025.0,104.0,89.0
10:00:00,7.24,2021-04-18,0.0,1022.0,64.0,2.61,bluegates,0.0,1025.0,8.0,94.0
10:00:00,5.17,2021-04-19,0.0,1019.0,86.0,1.58,morton,0.0,1024.0,106.0,63.0
10:00:00,6.61,2021-04-19,0.0,1012.0,81.0,1.02,trysglwyn,0.0,1021.0,193.0,33.0
10:00:00,7.78,2021-04-19,0.0,977.0,66.0,1.25,rheidol,0.0,1022.0,149.0,99.0
10:00:00,7.12,2021-04-19,0.0,1018.0,90.0,1.19,isle_of_wight,0.0,1023.0,118.0,4.0
10:00:00,9.16,2021-04-19,0.0,1019.0,71.0,1.83,bluegates,0.0,1023.0,8.0,3.0
10:00:00,7.78,2021-04-20,0.0,1010.0,78.0,2.08,trysglwyn,0.0,1019.0,40.0,33.0
10:00:00,7.78,2021-04-20,0.0,975.0,73.0,0.66,rheidol,0.0,1018.0,36.0,100.0
10:00:00,7.98,2021-04-20,0.0,1015.0,81.0,1.3,morton,0.0,1020.0,136.0,32.0
10:00:00,7.65,2021-04-20,0.0,1015.0,91.0,2.83,isle_of_wight,0.0,1018.0,88.0,8.0
10:00:00,8.26,2021-04-20,0.0,1016.0,92.0,2.3,bluegates,0.0,1018.0,73.0,5.0
10:00:00,9.02,2021-04-21,0.0,1016.0,86.0,5.23,isle_of_wight,0.0,1019.0,67.0,86.0
10:00:00,8.61,2021-04-21,0.0,1012.0,84.0,8.85,trysglwyn,0.0,1020.0,90.0,9.0
10:00:00,6.42,2021-04-21,0.0,977.0,94.0,7.37,rheidol,0.0,1020.0,87.0,71.0
10:00:00,8.04,2021-04-21,0.0,1020.0,78.0,5.22,morton,0.0,1024.0,41.0,83.0
10:00:00,7.53,2021-04-21,0.0,1018.0,87.0,7.31,bluegates,0.0,1020.0,42.0,91.0
10:00:00,6.63,2021-04-22,0.0,1017.0,73.0,3.31,trysglwyn,0.0,1026.0,111.0,5.0
10:00:00,3.63,2021-04-22,0.0,982.0,82.0,3.86,rheidol,0.0,1026.0,97.0,7.0
10:00:00,4.94,2021-04-22,0.0,1024.0,80.0,0.76,morton,0.0,1029.0,158.0,28.0
10:00:00,6.69,2021-04-22,0.0,1022.0,75.0,8.03,isle_of_wight,0.0,1026.0,83.0,5.0
10:00:00,6.27,2021-04-22,0.0,1025.0,67.0,4.11,bluegates,0.0,1027.0,71.0,34.0
10:00:00,7.61,2021-04-23,0.0,1023.0,83.0,9.16,isle_of_wight,0.0,1027.0,96.0,4.0
10:00:00,8.75,2021-04-23,0.0,1017.0,59.0,2.73,trysglwyn,0.0,1027.0,123.0,9.0
10:00:00,5.91,2021-04-23,0.0,983.0,45.0,4.56,rheidol,0.0,1026.0,105.0,4.0
10:00:00,6.14,2021-04-23,0.0,1025.0,71.0,2.91,morton,0.0,1031.0,159.0,4.0
10:00:00,7.08,2021-04-23,0.0,1027.0,77.0,4.4,bluegates,0.0,1030.0,102.0,5.0
10:00:00,8.92,2021-04-24,0.0,1022.0,76.0,8.83,isle_of_wight,0.0,1026.0,84.0,83.0
10:00:00,10.02,2021-04-24,0.0,1017.0,58.0,4.6,trysglwyn,0.0,1026.0,100.0,100.0
10:00:00,7.12,2021-04-24,0.0,982.0,33.0,6.64,rheidol,0.0,1026.0,96.0,91.0
10:00:00,7.01,2021-04-24,0.0,1026.0,77.0,1.62,morton,0.0,1030.0,85.0,33.0
10:00:00,8.6,2021-04-24,0.0,1025.0,74.0,5.56,bluegates,0.0,1028.0,81.0,88.0
10:00:00,6.92,2021-04-25,0.0,1020.0,75.0,6.91,trysglwyn,0.0,1029.0,90.0,19.0
10:00:00,5.94,2021-04-25,0.0,985.0,28.0,6.5,rheidol,0.0,1029.0,81.0,7.0
10:00:00,6.84,2021-04-25,0.0,1027.0,79.0,3.96,morton,0.0,1033.0,57.0,23.0
10:00:00,7.88,2021-04-25,0.0,1023.0,76.0,9.66,isle_of_wight,0.0,1027.0,75.0,4.0
10:00:00,7.84,2021-04-25,0.0,1027.0,68.0,7.73,bluegates,0.0,1029.0,61.0,6.0
10:00:00,6.6,2021-04-26,0.0,1018.0,71.0,7.68,isle_of_wight,0.0,1022.0,66.0,10.0
10:00:00,7.27,2021-04-26,0.0,1014.0,74.0,1.93,trysglwyn,0.0,1025.0,88.0,22.0
10:00:00,5.05,2021-04-26,0.0,979.0,84.0,2.77,rheidol,0.0,1023.0,74.0,41.0
10:00:00,5.99,2021-04-26,0.0,1021.0,83.0,1.49,morton,0.0,1026.0,72.0,42.0
10:00:00,6.56,2021-04-26,0.0,1020.0,67.0,6.13,bluegates,0.0,1023.0,61.0,14.0
10:00:00,8.76,2021-04-27,0.0,1001.0,85.0,4.21,trysglwyn,0.3,1011.0,309.0,83.0
10:00:00,6.44,2021-04-27,0.0,967.0,91.0,3.13,rheidol,0.23,1010.0,303.0,72.0
10:00:00,7.05,2021-04-27,0.0,1006.0,76.0,2.71,morton,0.25,1011.0,173.0,60.0
10:00:00,6.1,2021-04-27,0.0,1007.0,77.0,0.93,isle_of_wight,0.0,1012.0,68.0,38.0
10:00:00,7.52,2021-04-27,0.0,1008.0,80.0,1.53,bluegates,0.0,1012.0,112.0,98.0
10:00:00,5.0,2021-04-28,0.0,964.0,94.0,5.32,rheidol,0.0,1008.0,43.0,100.0
10:00:00,7.84,2021-04-28,0.0,1006.0,80.0,7.13,morton,0.0,1010.0,63.0,47.0
10:00:00,8.53,2021-04-28,0.0,1000.0,70.0,3.17,isle_of_wight,0.0,1003.0,48.0,92.0
10:00:00,9.44,2021-04-28,0.0,1003.0,77.0,7.97,bluegates,0.0,1005.0,69.0,78.0
10:00:00,7.01,2021-04-28,0.0,1001.0,76.0,8.97,trysglwyn,0.24,1010.0,54.0,79.0
10:00:00,4.66,2021-04-29,0.0,969.0,83.0,2.51,rheidol,0.0,1012.0,25.0,43.0
10:00:00,6.39,2021-04-29,0.0,1008.0,80.0,5.96,morton,0.0,1012.0,354.0,64.0
10:00:00,6.04,2021-04-29,0.0,1008.0,74.0,5.48,isle_of_wight,0.0,1011.0,13.0,51.0
10:00:00,7.41,2021-04-29,0.0,1006.0,67.0,6.87,bluegates,0.0,1009.0,347.0,84.0
10:00:00,5.99,2021-04-29,0.0,1004.0,71.0,3.58,trysglwyn,0.0,1013.0,42.0,35.0
10:00:00,6.84,2021-04-30,0.0,1007.0,76.0,4.15,trysglwyn,0.0,1016.0,42.0,66.0
10:00:00,3.22,2021-04-30,0.0,971.0,90.0,1.82,rheidol,0.39,1015.0,75.0,72.0
10:00:00,4.96,2021-04-30,0.0,1012.0,83.0,3.03,morton,0.0,1017.0,0.0,3.0
10:00:00,7.26,2021-04-30,0.0,1011.0,71.0,4.82,isle_of_wight,0.0,1014.0,63.0,38.0
10:00:00,6.02,2021-04-30,0.0,1012.0,78.0,2.6,bluegates,0.0,1014.0,347.0,3.0
10:00:00,5.95,2021-05-01,0.0,1014.0,85.0,3.86,morton,0.0,1018.0,2.0,4.0
10:00:00,6.83,2021-05-01,0.0,1008.0,76.0,4.09,trysglwyn,0.0,1017.0,69.0,61.0
10:00:00,3.42,2021-05-01,0.0,973.0,88.0,2.52,rheidol,0.0,1016.0,82.0,12.0
10:00:00,6.05,2021-05-01,0.0,1013.0,85.0,3.0,isle_of_wight,0.0,1016.0,46.0,14.0
10:00:00,6.78,2021-05-01,0.0,1013.0,79.0,3.19,bluegates,0.0,1015.0,340.0,2.0
10:00:00,8.13,2021-05-02,0.0,1011.0,67.0,3.78,trysglwyn,0.13,1021.0,250.0,48.0
10:00:00,7.41,2021-05-02,0.0,1018.0,68.0,1.23,bluegates,0.0,1021.0,327.0,3.0
10:00:00,7.84,2021-05-02,0.0,1017.0,74.0,2.04,isle_of_wight,0.0,1022.0,85.0,11.0
10:00:00,9.28,2021-05-02,0.0,1016.0,62.0,1.62,morton,0.0,1020.0,266.0,10.0
10:00:00,7.42,2021-05-02,0.0,976.0,53.0,2.26,rheidol,0.0,1021.0,267.0,9.0
10:00:00,6.96,2021-05-03,0.0,967.0,96.0,8.64,rheidol,0.6,1012.0,202.0,100.0
10:00:00,8.47,2021-05-03,0.0,999.0,86.0,10.99,trysglwyn,1.76,1012.0,192.0,93.0
10:00:00,9.17,2021-05-03,0.0,1014.0,81.0,8.51,isle_of_wight,0.0,1019.0,220.0,100.0
10:00:00,8.12,2021-05-03,0.0,1014.0,76.0,6.56,bluegates,0.0,1018.0,229.0,100.0
10:00:00,7.95,2021-05-03,0.0,1009.0,83.0,5.56,morton,0.0,1015.0,214.0,33.0
10:00:00,7.68,2021-05-04,0.0,992.0,74.0,12.11,trysglwyn,0.68,1000.0,309.0,71.0
10:00:00,5.65,2021-05-04,0.0,959.0,85.0,10.69,rheidol,0.5,1002.0,302.0,99.0
10:00:00,9.01,2021-05-04,0.0,999.0,69.0,11.28,isle_of_wight,0.0,1001.0,277.0,83.0
10:00:00,8.31,2021-05-04,0.0,993.0,71.0,14.2,bluegates,0.13,994.0,266.0,83.0
10:00:00,6.95,2021-05-04,0.0,990.0,77.0,10.38,morton,0.0,991.0,299.0,93.0
10:00:00,6.52,2021-05-05,0.0,1000.0,78.0,6.25,trysglwyn,1.2,1009.0,316.0,38.0
10:00:00,7.13,2021-05-05,0.0,1005.0,67.0,4.52,bluegates,0.0,1008.0,298.0,81.0
10:00:00,8.2,2021-05-05,0.0,1006.0,56.0,7.44,isle_of_wight,0.0,1010.0,295.0,9.0
10:00:00,6.9,2021-05-05,0.0,1003.0,55.0,3.57,morton,0.0,1007.0,307.0,97.0
10:00:00,3.47,2021-05-05,0.0,964.0,89.0,5.44,rheidol,0.46,1009.0,324.0,95.0
10:00:00,7.54,2021-05-06,0.0,1001.0,51.0,3.71,morton,0.0,1006.0,292.0,5.0
10:00:00,5.87,2021-05-06,0.0,998.0,63.0,5.27,trysglwyn,0.3,1008.0,329.0,5.0
10:00:00,4.97,2021-05-06,0.0,1004.0,86.0,3.09,bluegates,0.19,1007.0,272.0,100.0
10:00:00,7.6,2021-05-06,0.0,1002.0,70.0,2.42,isle_of_wight,0.26,1006.0,213.0,100.0
10:00:00,4.49,2021-05-06,0.0,963.0,55.0,3.32,rheidol,0.0,1007.0,336.0,100.0
10:00:00,3.99,2021-05-07,0.0,1009.0,83.0,6.58,bluegates,0.0,1012.0,282.0,5.0
10:00:00,5.88,2021-05-07,0.0,1003.0,83.0,4.34,trysglwyn,0.15,1013.0,304.0,62.0
10:00:00,2.69,2021-05-07,0.0,969.0,88.0,2.23,rheidol,0.0,1014.0,300.0,16.0
10:00:00,3.7,2021-05-07,0.0,1007.0,86.0,2.17,morton,0.0,1012.0,313.0,14.0
10:00:00,4.23,2021-05-07,0.0,1010.0,75.0,2.63,isle_of_wight,0.0,1014.0,332.0,5.0
10:00:00,9.34,2021-05-08,0.0,954.0,97.0,5.21,rheidol,5.55,997.0,207.0,100.0
10:00:00,5.58,2021-05-08,0.0,997.0,97.0,8.42,morton,7.77,1001.0,125.0,100.0
10:00:00,11.94,2021-05-08,0.0,1000.0,91.0,12.41,isle_of_wight,4.06,1004.0,206.0,100.0
10:00:00,7.2,2021-05-08,0.0,986.0,87.0,8.2,trysglwyn,1.44,995.0,134.0,100.0
10:00:00,7.65,2021-05-08,0.0,1004.0,93.0,9.95,bluegates,2.28,1008.0,152.0,100.0
10:00:00,10.73,2021-05-09,0.0,981.0,83.0,9.83,trysglwyn,0.0,990.0,182.0,100.0
10:00:00,9.96,2021-05-09,0.0,949.0,77.0,6.99,rheidol,0.0,992.0,188.0,100.0
10:00:00,14.83,2021-05-09,0.0,990.0,78.0,7.46,morton,0.0,994.0,195.0,86.0
10:00:00,13.35,2021-05-09,0.0,993.0,77.0,7.36,isle_of_wight,0.0,997.0,191.0,75.0
10:00:00,14.11,2021-05-09,0.0,995.0,81.0,6.16,bluegates,0.0,998.0,191.0,49.0
10:00:00,10.96,2021-05-10,0.0,992.0,77.0,6.45,morton,0.0,996.0,188.0,100.0
10:00:00,9.69,2021-05-10,0.0,982.0,85.0,8.24,trysglwyn,0.56,992.0,171.0,100.0
10:00:00,8.22,2021-05-10,0.0,950.0,85.0,7.61,rheidol,0.26,993.0,184.0,100.0
10:00:00,11.17,2021-05-10,0.0,996.0,84.0,11.14,isle_of_wight,0.37,1000.0,208.0,34.0
10:00:00,11.55,2021-05-10,0.0,998.0,79.0,8.63,bluegates,0.0,1001.0,208.0,100.0
10:00:00,10.04,2021-05-11,0.0,995.0,68.0,3.35,trysglwyn,0.0,1004.0,127.0,16.0
10:00:00,8.78,2021-05-11,0.0,961.0,73.0,5.62,rheidol,0.0,1004.0,138.0,85.0
10:00:00,9.95,2021-05-11,0.0,1003.0,88.0,6.67,isle_of_wight,0.58,1007.0,177.0,86.0
10:00:00,12.57,2021-05-11,0.0,1005.0,74.0,3.72,bluegates,0.0,1008.0,150.0,67.0
10:00:00,12.15,2021-05-11,0.0,1003.0,70.0,4.58,morton,0.0,1008.0,161.0,9.0
10:00:00,9.72,2021-05-12,0.0,997.0,78.0,8.37,trysglwyn,0.5,1007.0,193.0,54.0
10:00:00,11.42,2021-05-12,0.0,1008.0,71.0,4.63,bluegates,0.0,1011.0,206.0,1.0
10:00:00,10.94,2021-05-12,0.0,1006.0,75.0,5.17,isle_of_wight,0.0,1011.0,187.0,72.0
10:00:00,10.58,2021-05-12,0.0,1005.0,79.0,4.96,morton,0.0,1009.0,206.0,91.0
10:00:00,8.27,2021-05-12,0.0,963.0,78.0,5.69,rheidol,0.12,1007.0,182.0,88.0
10:00:00,7.96,2021-05-13,0.0,964.0,89.0,3.43,rheidol,0.6,1008.0,14.0,100.0
10:00:00,12.28,2021-05-13,0.0,1004.0,70.0,3.48,morton,0.0,1009.0,60.0,100.0
10:00:00,9.77,2021-05-13,0.0,999.0,77.0,3.55,trysglwyn,0.0,1009.0,16.0,100.0
10:00:00,9.9,2021-05-13,0.0,999.0,87.0,6.67,isle_of_wight,0.41,1003.0,163.0,100.0
10:00:00,10.02,2021-05-13,0.0,1004.0,88.0,3.86,bluegates,0.39,1007.0,163.0,100.0
10:00:00,9.25,2021-05-14,0.0,966.0,81.0,0.78,rheidol,0.24,1010.0,139.0,96.0
10:00:00,10.01,2021-05-14,0.0,1006.0,78.0,3.5,morton,0.0,1010.0,25.0,100.0
10:00:00,9.66,2021-05-14,0.0,1005.0,86.0,4.4,isle_of_wight,0.12,1009.0,15.0,98.0
10:00:00,10.25,2021-05-14,0.0,1006.0,82.0,4.99,bluegates,0.0,1009.0,37.0,92.0
10:00:00,9.63,2021-05-14,0.0,1000.0,82.0,2.13,trysglwyn,0.11,1010.0,132.0,99.0
10:00:00,9.85,2021-05-15,0.0,989.0,78.0,2.51,trysglwyn,0.54,999.0,129.0,99.0
10:00:00,6.23,2021-05-15,0.0,955.0,92.0,3.89,rheidol,0.99,999.0,128.0,100.0
10:00:00,7.71,2021-05-15,0.0,997.0,98.0,2.77,morton,1.78,1001.0,123.0,100.0
10:00:00,9.6,2021-05-15,0.0,997.0,88.0,4.91,isle_of_wight,0.52,1001.0,180.0,100.0
10:00:00,10.63,2021-05-15,0.0,998.0,83.0,5.12,bluegates,0.59,1002.0,189.0,100.0
10:00:00,9.6,2021-05-16,0.0,995.0,87.0,4.47,isle_of_wight,1.34,1000.0,221.0,87.0
10:00:00,9.78,2021-05-16,0.0,987.0,81.0,2.42,trysglwyn,0.14,996.0,167.0,100.0
10:00:00,7.35,2021-05-16,0.0,953.0,90.0,1.78,rheidol,0.91,997.0,138.0,100.0
10:00:00,11.73,2021-05-16,0.0,993.0,75.0,2.4,morton,0.0,997.0,195.0,76.0
10:00:00,11.81,2021-05-16,0.0,997.0,77.0,5.02,bluegates,0.12,1000.0,228.0,31.0
10:00:00,9.08,2021-05-17,0.0,996.0,85.0,4.71,trysglwyn,0.0,1006.0,329.0,100.0
10:00:00,11.03,2021-05-17,0.0,1000.0,83.0,2.19,morton,0.1,1004.0,334.0,87.0
10:00:00,12.1,2021-05-17,0.0,1001.0,80.0,4.27,isle_of_wight,0.0,1005.0,269.0,7.0
10:00:00,12.48,2021-05-17,0.0,1000.0,81.0,5.03,bluegates,0.41,1003.0,298.0,63.0
10:00:00,8.76,2021-05-17,0.0,962.0,88.0,4.66,rheidol,0.17,1005.0,306.0,95.0
10:00:00,9.83,2021-05-18,0.0,1003.0,73.0,4.18,trysglwyn,0.0,1012.0,263.0,7.0
10:00:00,11.79,2021-05-18,0.0,1010.0,75.0,4.43,bluegates,0.0,1013.0,278.0,68.0
10:00:00,11.77,2021-05-18,0.0,1011.0,73.0,5.75,isle_of_wight,0.0,1015.0,262.0,22.0
10:00:00,12.52,2021-05-18,0.0,1007.0,66.0,5.45,morton,0.0,1011.0,278.0,68.0
10:00:00,8.92,2021-05-18,0.0,970.0,70.0,4.4,rheidol,0.0,1014.0,261.0,7.0
10:00:00,8.72,2021-05-19,0.0,975.0,75.0,5.04,rheidol,0.0,1019.0,294.0,34.0
10:00:00,12.74,2021-05-19,0.0,1012.0,65.0,3.07,morton,0.0,1016.0,316.0,18.0
10:00:00,9.51,2021-05-19,0.0,1008.0,76.0,4.96,trysglwyn,0.14,1018.0,286.0,8.0
10:00:00,11.56,2021-05-19,0.0,1014.0,75.0,4.28,isle_of_wight,0.0,1018.0,319.0,99.0
10:00:00,9.78,2021-05-19,0.0,1013.0,86.0,4.62,bluegates,0.23,1016.0,320.0,100.0
10:00:00,6.64,2021-05-20,0.0,966.0,90.0,10.43,rheidol,1.25,1010.0,156.0,100.0
10:00:00,10.44,2021-05-20,0.0,1011.0,74.0,5.8,morton,0.0,1015.0,188.0,100.0
10:00:00,11.28,2021-05-20,0.0,1014.0,82.0,8.47,isle_of_wight,0.0,1018.0,194.0,100.0
10:00:00,10.91,2021-05-20,0.0,1016.0,76.0,6.16,bluegates,0.0,1019.0,205.0,100.0
10:00:00,8.68,2021-05-20,0.0,1000.0,85.0,6.76,trysglwyn,1.67,1009.0,141.0,100.0
10:00:00,9.67,2021-05-21,0.0,979.0,92.0,7.63,trysglwyn,0.52,988.0,314.0,99.0
10:00:00,7.21,2021-05-21,0.0,947.0,99.0,9.38,rheidol,4.78,990.0,266.0,100.0
10:00:00,8.61,2021-05-21,0.0,982.0,93.0,9.95,morton,1.57,986.0,214.0,100.0
10:00:00,11.29,2021-05-21,0.0,995.0,79.0,17.33,isle_of_wight,0.47,999.0,235.0,55.0
10:00:00,11.45,2021-05-21,0.0,993.0,76.0,14.21,bluegates,0.0,996.0,220.0,100.0
10:00:00,9.02,2021-05-22,0.0,999.0,90.0,5.78,isle_of_wight,0.58,1003.0,308.0,100.0
10:00:00,7.78,2021-05-22,0.0,994.0,78.0,6.04,trysglwyn,0.14,1004.0,323.0,100.0
10:00:00,7.4,2021-05-22,0.0,960.0,83.0,4.93,rheidol,0.15,1003.0,313.0,99.0
10:00:00,7.35,2021-05-22,0.0,997.0,84.0,6.12,morton,0.0,1001.0,333.0,100.0
10:00:00,7.75,2021-05-22,0.0,997.0,94.0,5.24,bluegates,2.45,1000.0,308.0,100.0
10:00:00,7.91,2021-05-23,0.0,993.0,88.0,10.94,trysglwyn,0.81,1002.0,188.0,100.0
10:00:00,6.66,2021-05-23,0.0,961.0,89.0,7.47,rheidol,0.48,1005.0,194.0,100.0
10:00:00,8.97,2021-05-23,0.0,1003.0,79.0,6.05,morton,0.0,1007.0,211.0,100.0
10:00:00,10.54,2021-05-23,0.0,1007.0,75.0,9.6,isle_of_wight,0.36,1011.0,222.0,100.0
10:00:00,10.27,2021-05-23,0.0,1008.0,70.0,7.25,bluegates,0.0,1011.0,226.0,100.0
10:00:00,8.53,2021-05-24,0.0,999.0,90.0,8.26,isle_of_wight,2.56,1003.0,232.0,72.0
10:00:00,8.88,2021-05-24,0.0,992.0,79.0,1.41,trysglwyn,0.94,1001.0,277.0,93.0
10:00:00,7.05,2021-05-24,0.0,957.0,81.0,1.76,rheidol,0.51,1001.0,276.0,95.0
10:00:00,9.51,2021-05-24,0.0,998.0,81.0,3.68,morton,0.0,1002.0,212.0,98.0
10:00:00,11.2,2021-05-24,0.0,1001.0,75.0,5.97,bluegates,0.22,1004.0,198.0,11.0
10:00:00,11.83,2021-05-25,0.0,1012.0,71.0,8.08,isle_of_wight,0.0,1017.0,279.0,4.0
10:00:00,9.42,2021-05-25,0.0,1005.0,79.0,9.09,trysglwyn,0.0,1014.0,290.0,4.0
10:00:00,7.28,2021-05-25,0.0,971.0,88.0,7.06,rheidol,0.2,1016.0,298.0,98.0
10:00:00,8.26,2021-05-25,0.0,1006.0,89.0,7.08,morton,0.34,1010.0,275.0,100.0
10:00:00,10.31,2021-05-25,0.0,1010.0,78.0,8.57,bluegates,0.11,1013.0,273.0,98.0
10:00:00,9.88,2021-05-26,0.0,1006.0,83.0,5.97,trysglwyn,0.0,1015.0,318.0,30.0
10:00:00,8.88,2021-05-26,0.0,971.0,79.0,3.48,rheidol,0.0,1015.0,302.0,93.0
10:00:00,11.78,2021-05-26,0.0,1008.0,65.0,5.9,morton,0.0,1012.0,302.0,35.0
10:00:00,11.73,2021-05-26,0.0,1011.0,74.0,5.62,isle_of_wight,0.0,1015.0,270.0,8.0
10:00:00,10.8,2021-05-26,0.0,1010.0,76.0,5.11,bluegates,0.0,1013.0,291.0,86.0
10:00:00,12.2,2021-05-27,0.0,1017.0,75.0,0.52,isle_of_wight,0.0,1021.0,280.0,6.0
10:00:00,11.88,2021-05-27,0.0,1011.0,74.0,2.49,trysglwyn,0.0,1021.0,200.0,15.0
10:00:00,11.72,2021-05-27,0.0,977.0,67.0,1.06,rheidol,0.0,1021.0,111.0,9.0
10:00:00,13.07,2021-05-27,0.0,1017.0,78.0,2.74,morton,0.0,1021.0,358.0,30.0
10:00:00,12.84,2021-05-27,0.0,1017.0,78.0,4.37,bluegates,0.0,1020.0,313.0,40.0
10:00:00,10.69,2021-05-28,0.0,1012.0,94.0,2.86,trysglwyn,0.93,1022.0,155.0,100.0
10:00:00,11.06,2021-05-28,0.0,979.0,83.0,1.03,rheidol,0.0,1022.0,152.0,100.0
10:00:00,12.09,2021-05-28,0.0,1019.0,87.0,1.57,morton,0.0,1023.0,221.0,100.0
10:00:00,13.1,2021-05-28,0.0,1019.0,80.0,4.12,isle_of_wight,0.0,1024.0,117.0,100.0
10:00:00,11.83,2021-05-28,0.0,1022.0,81.0,3.92,bluegates,0.0,1025.0,149.0,100.0
10:00:00,12.31,2021-05-29,0.0,1018.0,87.0,1.26,trysglwyn,0.0,1028.0,53.0,40.0
10:00:00,12.37,2021-05-29,0.0,1023.0,90.0,1.18,morton,0.14,1028.0,172.0,100.0
10:00:00,13.92,2021-05-29,0.0,1023.0,71.0,3.62,isle_of_wight,0.0,1027.0,88.0,100.0
10:00:00,13.88,2021-05-29,0.0,1025.0,74.0,3.01,bluegates,0.0,1028.0,100.0,91.0
10:00:00,12.76,2021-05-29,0.0,983.0,84.0,1.0,rheidol,0.0,1027.0,118.0,84.0
10:00:00,14.48,2021-05-30,0.0,1019.0,80.0,1.26,trysglwyn,0.0,1029.0,148.0,2.0
10:00:00,13.89,2021-05-30,0.0,1027.0,73.0,4.5,bluegates,0.0,1030.0,71.0,2.0
10:00:00,13.73,2021-05-30,0.0,1025.0,71.0,5.4,isle_of_wight,0.0,1029.0,73.0,3.0
10:00:00,15.65,2021-05-30,0.0,1026.0,76.0,2.32,morton,0.0,1031.0,117.0,8.0
10:00:00,15.25,2021-05-30,0.0,986.0,71.0,1.8,rheidol,0.0,1029.0,119.0,5.0
10:00:00,15.11,2021-05-31,0.0,1020.0,73.0,2.79,morton,0.0,1024.0,119.0,0.0
10:00:00,13.92,2021-05-31,0.0,1018.0,82.0,5.0,isle_of_wight,0.0,1022.0,103.0,6.0
10:00:00,14.02,2021-05-31,0.0,1012.0,76.0,1.61,trysglwyn,0.0,1022.0,154.0,5.0
10:00:00,15.33,2021-05-31,0.0,1021.0,80.0,4.56,bluegates,0.0,1024.0,91.0,0.0
10:00:00,14.18,2021-05-31,0.0,978.0,68.0,3.31,rheidol,0.0,1022.0,123.0,29.0
10:00:00,15.94,2021-06-01,0.0,1005.0,76.0,3.73,trysglwyn,0.0,1015.0,113.0,65.0
10:00:00,15.59,2021-06-01,0.0,1015.0,80.0,4.78,bluegates,0.0,1018.0,97.0,53.0
10:00:00,14.33,2021-06-01,0.0,1012.0,82.0,6.21,isle_of_wight,0.0,1016.0,97.0,100.0
10:00:00,16.86,2021-06-01,0.0,1014.0,77.0,2.82,morton,0.0,1019.0,99.0,100.0
10:00:00,15.75,2021-06-01,0.0,973.0,75.0,4.85,rheidol,0.0,1016.0,119.0,100.0
10:00:00,15.88,2021-06-02,0.0,969.0,74.0,7.08,rheidol,0.0,1012.0,92.0,100.0
10:00:00,18.23,2021-06-02,0.0,1012.0,76.0,5.28,morton,0.0,1016.0,89.0,99.0
10:00:00,14.46,2021-06-02,0.0,1008.0,84.0,6.8,isle_of_wight,0.0,1012.0,93.0,99.0
10:00:00,15.93,2021-06-02,0.0,1012.0,78.0,5.09,bluegates,0.0,1015.0,98.0,96.0
10:00:00,15.13,2021-06-02,0.0,1003.0,77.0,6.83,trysglwyn,0.0,1013.0,84.0,100.0
10:00:00,16.15,2021-06-03,0.0,1013.0,83.0,0.52,morton,0.0,1018.0,290.0,74.0
10:00:00,14.77,2021-06-03,0.0,1015.0,83.0,3.76,isle_of_wight,0.0,1019.0,235.0,56.0
10:00:00,13.73,2021-06-03,0.0,1007.0,91.0,5.61,trysglwyn,0.0,1017.0,204.0,96.0
10:00:00,12.32,2021-06-03,0.0,974.0,88.0,3.7,rheidol,0.18,1018.0,208.0,99.0
10:00:00,18.56,2021-06-03,0.0,1015.0,77.0,3.46,bluegates,0.0,1018.0,248.0,6.0
10:00:00,12.61,2021-06-04,0.0,1013.0,76.0,6.07,trysglwyn,0.0,1023.0,202.0,0.0
10:00:00,11.74,2021-06-04,0.0,980.0,73.0,2.85,rheidol,0.0,1024.0,230.0,15.0
10:00:00,15.73,2021-06-04,0.0,1019.0,65.0,2.37,morton,0.0,1023.0,301.0,99.0
10:00:00,11.36,2021-06-04,0.0,1019.0,76.0,3.32,isle_of_wight,0.0,1024.0,330.0,100.0
10:00:00,15.12,2021-06-04,0.0,1019.0,82.0,3.94,bluegates,0.17,1022.0,314.0,100.0
10:00:00,15.08,2021-06-05,0.0,1021.0,69.0,3.23,isle_of_wight,0.0,1025.0,289.0,0.0
10:00:00,12.05,2021-06-05,0.0,1015.0,80.0,3.38,trysglwyn,0.0,1024.0,172.0,96.0
10:00:00,11.89,2021-06-05,0.0,981.0,78.0,2.12,rheidol,0.0,1025.0,196.0,57.0
10:00:00,16.8,2021-06-05,0.0,1020.0,75.0,0.75,morton,0.0,1024.0,113.0,51.0
10:00:00,13.06,2021-06-05,0.0,1021.0,95.0,2.93,bluegates,0.18,1024.0,327.0,100.0
10:00:00,16.59,2021-06-06,0.0,1022.0,75.0,1.54,bluegates,0.0,1025.0,195.0,55.0
10:00:00,10.19,2021-06-06,0.0,980.0,98.0,1.54,rheidol,8.62,1024.0,360.0,100.0
10:00:00,17.45,2021-06-06,0.0,1020.0,72.0,0.69,morton,0.0,1024.0,201.0,94.0
10:00:00,14.85,2021-06-06,0.0,1021.0,84.0,4.1,isle_of_wight,0.0,1025.0,228.0,99.0
10:00:00,11.7,2021-06-06,0.0,1015.0,95.0,0.37,trysglwyn,1.24,1024.0,313.0,100.0
10:00:00,15.94,2021-06-07,0.0,1020.0,85.0,2.69,bluegates,0.0,1023.0,224.0,100.0
10:00:00,15.17,2021-06-07,0.0,1020.0,80.0,2.73,isle_of_wight,0.0,1024.0,225.0,99.0
10:00:00,16.94,2021-06-07,0.0,1018.0,74.0,2.61,morton,0.0,1022.0,241.0,83.0
10:00:00,12.13,2021-06-07,0.0,979.0,85.0,2.28,rheidol,0.0,1023.0,242.0,100.0
10:00:00,13.22,2021-06-07,0.0,1013.0,80.0,3.82,trysglwyn,0.0,1023.0,213.0,100.0
10:00:00,14.71,2021-06-08,0.0,1021.0,67.0,2.24,isle_of_wight,0.0,1025.0,255.0,20.0
10:00:00,13.69,2021-06-08,0.0,1013.0,79.0,7.67,trysglwyn,0.0,1022.0,202.0,94.0
10:00:00,13.14,2021-06-08,0.0,980.0,71.0,3.42,rheidol,0.0,1024.0,216.0,97.0
10:00:00,16.11,2021-06-08,0.0,1019.0,60.0,3.21,morton,0.0,1023.0,227.0,88.0
10:00:00,16.24,2021-06-08,0.0,1021.0,77.0,3.09,bluegates,0.0,1024.0,271.0,30.0
10:00:00,17.66,2021-06-09,0.0,1019.0,72.0,3.12,bluegates,0.0,1022.0,231.0,13.0
10:00:00,13.83,2021-06-09,0.0,977.0,83.0,4.45,rheidol,0.0,1021.0,198.0,86.0
10:00:00,18.17,2021-06-09,0.0,1016.0,64.0,4.73,morton,0.0,1020.0,216.0,12.0
10:00:00,15.91,2021-06-09,0.0,1019.0,63.0,3.46,isle_of_wight,0.0,1023.0,235.0,14.0
10:00:00,13.81,2021-06-09,0.0,1009.0,87.0,8.44,trysglwyn,0.0,1019.0,189.0,97.0
10:00:00,14.89,2021-06-10,0.0,976.0,89.0,3.88,rheidol,0.0,1019.0,198.0,100.0
10:00:00,19.54,2021-06-10,0.0,1014.0,72.0,5.51,morton,0.0,1018.0,233.0,78.0
10:00:00,15.83,2021-06-10,0.0,1018.0,90.0,4.14,isle_of_wight,0.0,1022.0,237.0,85.0
10:00:00,18.14,2021-06-10,0.0,1018.0,84.0,2.82,bluegates,0.0,1021.0,215.0,34.0
10:00:00,14.9,2021-06-10,0.0,1008.0,89.0,8.43,trysglwyn,0.0,1017.0,194.0,100.0
10:00:00,13.63,2021-06-11,0.0,1006.0,95.0,7.17,trysglwyn,0.0,1016.0,222.0,100.0
10:00:00,13.04,2021-06-11,0.0,974.0,96.0,4.42,rheidol,0.22,1017.0,222.0,100.0
10:00:00,19.05,2021-06-11,0.0,1012.0,72.0,7.15,morton,0.0,1016.0,245.0,100.0
10:00:00,16.72,2021-06-11,0.0,1016.0,85.0,5.92,isle_of_wight,0.0,1020.0,241.0,82.0
10:00:00,19.0,2021-06-11,0.0,1016.0,78.0,5.11,bluegates,0.0,1019.0,241.0,31.0
10:00:00,12.81,2021-06-12,0.0,1015.0,78.0,3.57,trysglwyn,0.0,1025.0,300.0,79.0
10:00:00,13.27,2021-06-12,0.0,981.0,75.0,3.23,rheidol,0.0,1024.0,299.0,84.0
10:00:00,15.95,2021-06-12,0.0,1018.0,61.0,4.95,morton,0.0,1023.0,302.0,94.0
10:00:00,16.08,2021-06-12,0.0,1019.0,73.0,4.94,bluegates,0.0,1023.0,308.0,100.0
10:00:00,16.59,2021-06-12,0.0,1019.0,74.0,2.47,isle_of_wight,0.0,1024.0,354.0,90.0
10:00:00,17.81,2021-06-13,0.0,984.0,76.0,1.7,rheidol,0.0,1027.0,223.0,2.0
10:00:00,20.0,2021-06-13,0.0,1023.0,70.0,2.55,morton,0.0,1027.0,217.0,3.0
10:00:00,16.06,2021-06-13,0.0,1024.0,84.0,3.67,isle_of_wight,0.0,1028.0,116.0,43.0
10:00:00,16.95,2021-06-13,0.0,1025.0,67.0,0.44,bluegates,0.0,1028.0,204.0,2.0
10:00:00,15.62,2021-06-13,0.0,1017.0,81.0,4.56,trysglwyn,0.0,1027.0,221.0,96.0
10:00:00,13.12,2021-06-14,0.0,1013.0,82.0,5.24,trysglwyn,0.0,1022.0,289.0,100.0
10:00:00,13.37,2021-06-14,0.0,979.0,96.0,2.39,rheidol,0.0,1022.0,270.0,100.0
10:00:00,18.94,2021-06-14,0.0,1016.0,74.0,5.29,morton,0.0,1020.0,273.0,100.0
10:00:00,18.16,2021-06-14,0.0,1018.0,77.0,1.1,isle_of_wight,0.0,1022.0,275.0,1.0
10:00:00,19.47,2021-06-14,0.0,1018.0,73.0,3.89,bluegates,0.0,1021.0,252.0,2.0
10:00:00,14.06,2021-06-15,0.0,1012.0,73.0,2.39,trysglwyn,0.0,1022.0,197.0,75.0
10:00:00,15.91,2021-06-15,0.0,1020.0,69.0,2.25,bluegates,0.0,1023.0,30.0,100.0
10:00:00,14.42,2021-06-15,0.0,979.0,66.0,1.98,rheidol,0.0,1022.0,187.0,95.0
10:00:00,15.85,2021-06-15,0.0,1018.0,61.0,0.25,morton,0.0,1023.0,69.0,92.0
10:00:00,15.86,2021-06-15,0.0,1018.0,71.0,2.84,isle_of_wight,0.0,1022.0,49.0,100.0
10:00:00,16.1,2021-06-16,0.0,969.0,79.0,3.68,rheidol,0.0,1012.0,198.0,88.0
10:00:00,19.01,2021-06-16,0.0,1008.0,59.0,4.54,morton,0.0,1013.0,204.0,2.0
10:00:00,16.96,2021-06-16,0.0,1010.0,78.0,1.76,isle_of_wight,0.0,1014.0,155.0,0.0
10:00:00,17.56,2021-06-16,0.0,1011.0,78.0,2.97,bluegates,0.0,1014.0,132.0,19.0
10:00:00,13.07,2021-06-16,0.0,1001.0,95.0,2.16,trysglwyn,1.04,1011.0,215.0,100.0
10:00:00,12.86,2021-06-17,0.0,1003.0,78.0,5.09,trysglwyn,0.0,1012.0,310.0,94.0
10:00:00,12.5,2021-06-17,0.0,969.0,79.0,2.84,rheidol,0.0,1012.0,318.0,98.0
10:00:00,14.47,2021-06-17,0.0,1006.0,91.0,4.33,morton,0.0,1010.0,339.0,100.0
10:00:00,14.44,2021-06-17,0.0,1006.0,94.0,5.1,isle_of_wight,0.54,1011.0,307.0,100.0
10:00:00,17.26,2021-06-17,0.0,1005.0,99.0,2.01,bluegates,3.34,1008.0,211.0,100.0
10:00:00,11.93,2021-06-18,0.0,1009.0,71.0,6.29,trysglwyn,0.0,1019.0,352.0,43.0
10:00:00,12.81,2021-06-18,0.0,974.0,65.0,2.76,rheidol,0.0,1017.0,2.0,74.0
10:00:00,12.66,2021-06-18,0.0,1012.0,89.0,4.02,morton,0.78,1017.0,29.0,100.0
10:00:00,14.85,2021-06-18,0.0,1009.0,98.0,5.61,bluegates,1.63,1012.0,2.0,100.0
10:00:00,12.65,2021-06-18,0.0,1010.0,92.0,7.57,isle_of_wight,0.61,1014.0,1.0,100.0
10:00:00,13.5,2021-06-19,0.0,971.0,80.0,2.19,rheidol,0.34,1014.0,163.0,93.0
10:00:00,14.5,2021-06-19,0.0,1012.0,78.0,2.46,morton,0.0,1016.0,31.0,77.0
10:00:00,13.04,2021-06-19,0.0,1012.0,84.0,2.51,isle_of_wight,0.0,1016.0,104.0,99.0
10:00:00,14.14,2021-06-19,0.0,1013.0,78.0,3.68,bluegates,0.0,1016.0,336.0,100.0
10:00:00,13.33,2021-06-19,0.0,1005.0,75.0,0.77,trysglwyn,0.0,1014.0,160.0,88.0
10:00:00,13.11,2021-06-20,0.0,1000.0,87.0,6.04,trysglwyn,0.0,1009.0,91.0,99.0
10:00:00,10.36,2021-06-20,0.0,965.0,95.0,3.46,rheidol,0.0,1008.0,78.0,100.0
10:00:00,11.23,2021-06-20,0.0,1006.0,95.0,4.11,morton,0.24,1011.0,65.0,100.0
10:00:00,15.61,2021-06-20,0.0,1004.0,88.0,4.5,isle_of_wight,0.31,1008.0,213.0,88.0
10:00:00,14.49,2021-06-20,0.0,1006.0,91.0,3.6,bluegates,0.0,1009.0,92.0,100.0
10:00:00,12.54,2021-06-21,0.0,1006.0,87.0,6.42,trysglwyn,0.0,1016.0,5.0,100.0
10:00:00,13.14,2021-06-21,0.0,971.0,65.0,4.41,rheidol,0.0,1014.0,36.0,82.0
10:00:00,14.31,2021-06-21,0.0,1010.0,65.0,5.97,morton,0.0,1014.0,37.0,80.0
10:00:00,11.9,2021-06-21,0.0,1008.0,93.0,7.13,bluegates,1.9,1011.0,30.0,100.0
10:00:00,11.72,2021-06-21,0.0,1006.0,93.0,9.78,isle_of_wight,4.1,1010.0,37.0,100.0
10:00:00,12.53,2021-06-22,0.0,1015.0,75.0,3.65,trysglwyn,0.0,1025.0,343.0,23.0
10:00:00,11.81,2021-06-22,0.0,980.0,64.0,3.86,rheidol,0.0,1024.0,46.0,16.0
10:00:00,13.47,2021-06-22,0.0,1019.0,63.0,5.41,morton,0.0,1023.0,19.0,46.0
10:00:00,12.39,2021-06-22,0.0,1015.0,76.0,9.48,isle_of_wight,0.11,1020.0,36.0,100.0
10:00:00,14.44,2021-06-22,0.0,1017.0,66.0,7.98,bluegates,0.0,1020.0,34.0,95.0
10:00:00,11.72,2021-06-23,0.0,981.0,68.0,1.95,rheidol,0.0,1025.0,293.0,100.0
10:00:00,10.08,2021-06-23,0.0,1015.0,94.0,3.68,trysglwyn,1.38,1025.0,230.0,100.0
10:00:00,16.06,2021-06-23,0.0,1020.0,56.0,1.4,morton,0.0,1024.0,273.0,0.0
10:00:00,13.57,2021-06-23,0.0,1020.0,64.0,4.26,isle_of_wight,0.0,1024.0,27.0,70.0
10:00:00,13.81,2021-06-23,0.0,1021.0,69.0,3.62,bluegates,0.0,1024.0,27.0,91.0
10:00:00,16.88,2021-06-24,0.0,1018.0,76.0,1.48,morton,0.0,1022.0,253.0,99.0
10:00:00,15.05,2021-06-24,0.0,1019.0,57.0,2.02,bluegates,0.0,1023.0,52.0,4.0
10:00:00,15.61,2021-06-24,0.0,1019.0,68.0,1.8,isle_of_wight,0.0,1023.0,52.0,65.0
10:00:00,9.94,2021-06-24,0.0,980.0,96.0,0.5,rheidol,1.39,1024.0,290.0,100.0
10:00:00,13.38,2021-06-24,0.0,1014.0,91.0,1.94,trysglwyn,0.0,1023.0,244.0,100.0
